-- phpMyAdmin SQL Dump
-- version 5.2.0
-- https://www.phpmyadmin.net/
--
-- Anamakine: 127.0.0.1
-- Üretim Zamanı: 03 Ağu 2022, 23:38:46
-- Sunucu sürümü: 10.4.24-MariaDB
-- PHP Sürümü: 7.4.29

SET SQL_MODE = "NO_AUTO_VALUE_ON_ZERO";
START TRANSACTION;
SET time_zone = "+00:00";


/*!40101 SET @OLD_CHARACTER_SET_CLIENT=@@CHARACTER_SET_CLIENT */;
/*!40101 SET @OLD_CHARACTER_SET_RESULTS=@@CHARACTER_SET_RESULTS */;
/*!40101 SET @OLD_COLLATION_CONNECTION=@@COLLATION_CONNECTION */;
/*!40101 SET NAMES utf8mb4 */;

--
-- Veritabanı: `fonkera`
--

-- --------------------------------------------------------

--
-- Tablo için tablo yapısı `ci_sessions`
--

CREATE TABLE `ci_sessions` (
  `id` varchar(40) COLLATE utf8mb4_turkish_ci NOT NULL,
  `ip_address` varchar(45) COLLATE utf8mb4_turkish_ci NOT NULL,
  `timestamp` int(10) UNSIGNED NOT NULL DEFAULT 0,
  `data` blob NOT NULL
) ENGINE=InnoDB DEFAULT CHARSET=utf8mb4 COLLATE=utf8mb4_turkish_ci;

-- --------------------------------------------------------

--
-- Tablo için tablo yapısı `emails_sent`
--

CREATE TABLE `emails_sent` (
  `id` varchar(40) CHARACTER SET utf8mb4 COLLATE utf8mb4_turkish_ci NOT NULL,
  `created_time` datetime DEFAULT current_timestamp(),
  `from` varchar(255) COLLATE utf8_turkish_ci DEFAULT NULL,
  `to` varchar(255) COLLATE utf8_turkish_ci DEFAULT NULL,
  `subject` varchar(255) COLLATE utf8_turkish_ci DEFAULT NULL,
  `content` text COLLATE utf8_turkish_ci DEFAULT NULL,
  `is_sent` bit(1) DEFAULT NULL
) ENGINE=InnoDB DEFAULT CHARSET=utf8 COLLATE=utf8_turkish_ci;

--
-- Tablo döküm verisi `emails_sent`
--

INSERT INTO `emails_sent` (`id`, `created_time`, `from`, `to`, `subject`, `content`, `is_sent`) VALUES
('62dcfe31856e0', '2022-07-24 11:09:21', 'fonkera@lenorabilisim.com', 'melike.sbp@gmail.com', 'Şifreniz Güncellendi', '\r\n<!doctype html>\r\n<html lang=\"en-US\">\r\n\r\n<head>\r\n    <meta content=\"text/html; charset=utf-8\" http-equiv=\"Content-Type\" />\r\n    <style type=\"text/css\">\r\n        a:hover {text-decoration: underline !important;}\r\n    </style>\r\n</head>\r\n\r\n<body marginheight=\"0\" topmargin=\"0\" marginwidth=\"0\" style=\"margin: 0px; background-color: #f2f3f8;\" leftmargin=\"0\">\r\n    <!--100% body table-->\r\n    <table cellspacing=\"0\" border=\"0\" cellpadding=\"0\" width=\"100%\" bgcolor=\"#f2f3f8\"\r\n        style=\"@import url(https://fonts.googleapis.com/css2?family=Montserrat&display=swap); font-family: \'Montserrat\', sans-serif;\">\r\n        <tr>\r\n            <td>\r\n                <table style=\"background-color: #f2f3f8; max-width:470px;  margin:0 auto;\" width=\"100%\" border=\"0\"\r\n                    align=\"center\" cellpadding=\"0\" cellspacing=\"0\">\r\n                    <tr>\r\n                        <td style=\"height:80px;\">&nbsp;</td>\r\n                    </tr>\r\n                    <tr>\r\n                        <td>\r\n                            <table width=\"95%\" border=\"0\" align=\"center\" cellpadding=\"0\" cellspacing=\"0\"\r\n                                style=\"max-width:670px;background:#fff; border-radius:3px; text-align:center;-webkit-box-shadow:0 6px 18px 0 rgba(0,0,0,.06);-moz-box-shadow:0 6px 18px 0 rgba(0,0,0,.06);box-shadow:0 6px 18px 0 rgba(0,0,0,.06);\">\r\n                                <tr>\r\n                                    <td style=\"height:20px;\">&nbsp;</td>\r\n                                </tr>\r\n                                <tr>\r\n                                    <td style=\"padding:0 0px;\">\r\n										<h1 style=\"color:#1e1e2d; font-weight:400; margin:0;font-size:28px;\">Şifreniz Güncellendi</h1>\r\n										<span\r\n                                            style=\"display:inline-block; vertical-align:middle; margin:12px 0 26px; border-bottom:1px solid #cecece; width:250px;\"></span>\r\n										<p style=\"color:#455056; font-size:15px;line-height:20px; margin:0;\">\r\n                                            Aşağıdaki şifre ile uygulamaya giriş yapabilirsiniz.\r\n                                        </p>\r\n										\r\n										<h1 style=\"background:#6610f2;text-decoration:none !important; margin-top:25px; color:#fff;font-size:22px;padding:10px 22px;min-width:150px;display:inline-block;border-radius:10px;\">\r\n											123456\r\n										</h1>\r\n										\r\n                                        \r\n                                    </td>\r\n                                </tr>\r\n                                <tr>\r\n                                    <td style=\"height:40px;\">&nbsp;</td>\r\n                                </tr>\r\n                            </table>\r\n                        </td>\r\n                    <tr>\r\n                        <td style=\"height:20px;\">&nbsp;</td>\r\n                    </tr>\r\n                    <tr>\r\n                        <td style=\"height:80px;\">&nbsp;</td>\r\n                    </tr>\r\n                </table>\r\n            </td>\r\n        </tr>\r\n    </table>\r\n    <!--/100% body table-->\r\n</body>\r\n\r\n</html>', b'0'),
('62dcfe3726bb7', '2022-07-24 11:09:27', 'fonkera@lenorabilisim.com', 'melike.sbp@gmail.com', 'Şifreniz Güncellendi', '\r\n<!doctype html>\r\n<html lang=\"en-US\">\r\n\r\n<head>\r\n    <meta content=\"text/html; charset=utf-8\" http-equiv=\"Content-Type\" />\r\n    <style type=\"text/css\">\r\n        a:hover {text-decoration: underline !important;}\r\n    </style>\r\n</head>\r\n\r\n<body marginheight=\"0\" topmargin=\"0\" marginwidth=\"0\" style=\"margin: 0px; background-color: #f2f3f8;\" leftmargin=\"0\">\r\n    <!--100% body table-->\r\n    <table cellspacing=\"0\" border=\"0\" cellpadding=\"0\" width=\"100%\" bgcolor=\"#f2f3f8\"\r\n        style=\"@import url(https://fonts.googleapis.com/css2?family=Montserrat&display=swap); font-family: \'Montserrat\', sans-serif;\">\r\n        <tr>\r\n            <td>\r\n                <table style=\"background-color: #f2f3f8; max-width:470px;  margin:0 auto;\" width=\"100%\" border=\"0\"\r\n                    align=\"center\" cellpadding=\"0\" cellspacing=\"0\">\r\n                    <tr>\r\n                        <td style=\"height:80px;\">&nbsp;</td>\r\n                    </tr>\r\n                    <tr>\r\n                        <td>\r\n                            <table width=\"95%\" border=\"0\" align=\"center\" cellpadding=\"0\" cellspacing=\"0\"\r\n                                style=\"max-width:670px;background:#fff; border-radius:3px; text-align:center;-webkit-box-shadow:0 6px 18px 0 rgba(0,0,0,.06);-moz-box-shadow:0 6px 18px 0 rgba(0,0,0,.06);box-shadow:0 6px 18px 0 rgba(0,0,0,.06);\">\r\n                                <tr>\r\n                                    <td style=\"height:20px;\">&nbsp;</td>\r\n                                </tr>\r\n                                <tr>\r\n                                    <td style=\"padding:0 0px;\">\r\n										<h1 style=\"color:#1e1e2d; font-weight:400; margin:0;font-size:28px;\">Şifreniz Güncellendi</h1>\r\n										<span\r\n                                            style=\"display:inline-block; vertical-align:middle; margin:12px 0 26px; border-bottom:1px solid #cecece; width:250px;\"></span>\r\n										<p style=\"color:#455056; font-size:15px;line-height:20px; margin:0;\">\r\n                                            Aşağıdaki şifre ile uygulamaya giriş yapabilirsiniz.\r\n                                        </p>\r\n										\r\n										<h1 style=\"background:#6610f2;text-decoration:none !important; margin-top:25px; color:#fff;font-size:22px;padding:10px 22px;min-width:150px;display:inline-block;border-radius:10px;\">\r\n											123456\r\n										</h1>\r\n										\r\n                                        \r\n                                    </td>\r\n                                </tr>\r\n                                <tr>\r\n                                    <td style=\"height:40px;\">&nbsp;</td>\r\n                                </tr>\r\n                            </table>\r\n                        </td>\r\n                    <tr>\r\n                        <td style=\"height:20px;\">&nbsp;</td>\r\n                    </tr>\r\n                    <tr>\r\n                        <td style=\"height:80px;\">&nbsp;</td>\r\n                    </tr>\r\n                </table>\r\n            </td>\r\n        </tr>\r\n    </table>\r\n    <!--/100% body table-->\r\n</body>\r\n\r\n</html>', b'0'),
('62dd03c895adf', '2022-07-24 11:33:12', 'fonkera@lenorabilisim.com', 'melike.sbp@gmail.com', 'Şifreniz Güncellendi', '\r\n<!doctype html>\r\n<html lang=\"en-US\">\r\n\r\n<head>\r\n    <meta content=\"text/html; charset=utf-8\" http-equiv=\"Content-Type\" />\r\n    <style type=\"text/css\">\r\n        a:hover {text-decoration: underline !important;}\r\n    </style>\r\n</head>\r\n\r\n<body marginheight=\"0\" topmargin=\"0\" marginwidth=\"0\" style=\"margin: 0px; background-color: #f2f3f8;\" leftmargin=\"0\">\r\n    <!--100% body table-->\r\n    <table cellspacing=\"0\" border=\"0\" cellpadding=\"0\" width=\"100%\" bgcolor=\"#f2f3f8\"\r\n        style=\"@import url(https://fonts.googleapis.com/css2?family=Montserrat&display=swap); font-family: \'Montserrat\', sans-serif;\">\r\n        <tr>\r\n            <td>\r\n                <table style=\"background-color: #f2f3f8; max-width:470px;  margin:0 auto;\" width=\"100%\" border=\"0\"\r\n                    align=\"center\" cellpadding=\"0\" cellspacing=\"0\">\r\n                    <tr>\r\n                        <td style=\"height:80px;\">&nbsp;</td>\r\n                    </tr>\r\n                    <tr>\r\n                        <td>\r\n                            <table width=\"95%\" border=\"0\" align=\"center\" cellpadding=\"0\" cellspacing=\"0\"\r\n                                style=\"max-width:670px;background:#fff; border-radius:3px; text-align:center;-webkit-box-shadow:0 6px 18px 0 rgba(0,0,0,.06);-moz-box-shadow:0 6px 18px 0 rgba(0,0,0,.06);box-shadow:0 6px 18px 0 rgba(0,0,0,.06);\">\r\n                                <tr>\r\n                                    <td style=\"height:20px;\">&nbsp;</td>\r\n                                </tr>\r\n                                <tr>\r\n                                    <td style=\"padding:0 0px;\">\r\n										<h1 style=\"color:#1e1e2d; font-weight:400; margin:0;font-size:28px;\">Şifreniz Güncellendi</h1>\r\n										<span\r\n                                            style=\"display:inline-block; vertical-align:middle; margin:12px 0 26px; border-bottom:1px solid #cecece; width:250px;\"></span>\r\n										<p style=\"color:#455056; font-size:15px;line-height:20px; margin:0;\">\r\n                                            Aşağıdaki şifre ile uygulamaya giriş yapabilirsiniz.\r\n                                        </p>\r\n										\r\n										<h1 style=\"background:#6610f2;text-decoration:none !important; margin-top:25px; color:#fff;font-size:22px;padding:10px 22px;min-width:150px;display:inline-block;border-radius:10px;\">\r\n											123456\r\n										</h1>\r\n										\r\n                                        \r\n                                    </td>\r\n                                </tr>\r\n                                <tr>\r\n                                    <td style=\"height:40px;\">&nbsp;</td>\r\n                                </tr>\r\n                            </table>\r\n                        </td>\r\n                    <tr>\r\n                        <td style=\"height:20px;\">&nbsp;</td>\r\n                    </tr>\r\n                    <tr>\r\n                        <td style=\"height:80px;\">&nbsp;</td>\r\n                    </tr>\r\n                </table>\r\n            </td>\r\n        </tr>\r\n    </table>\r\n    <!--/100% body table-->\r\n</body>\r\n\r\n</html>', b'0'),
('62e6afa48664e', '2022-07-31 19:36:52', 'fonkera@lenorabilisim.com', 'melike.sbp@gmail.com', 'Şifreniz Güncellendi', '\r\n<!doctype html>\r\n<html lang=\"en-US\">\r\n\r\n<head>\r\n    <meta content=\"text/html; charset=utf-8\" http-equiv=\"Content-Type\" />\r\n    <style type=\"text/css\">\r\n        a:hover {text-decoration: underline !important;}\r\n    </style>\r\n</head>\r\n\r\n<body marginheight=\"0\" topmargin=\"0\" marginwidth=\"0\" style=\"margin: 0px; background-color: #f2f3f8;\" leftmargin=\"0\">\r\n    <!--100% body table-->\r\n    <table cellspacing=\"0\" border=\"0\" cellpadding=\"0\" width=\"100%\" bgcolor=\"#f2f3f8\"\r\n        style=\"@import url(https://fonts.googleapis.com/css2?family=Montserrat&display=swap); font-family: \'Montserrat\', sans-serif;\">\r\n        <tr>\r\n            <td>\r\n                <table style=\"background-color: #f2f3f8; max-width:470px;  margin:0 auto;\" width=\"100%\" border=\"0\"\r\n                    align=\"center\" cellpadding=\"0\" cellspacing=\"0\">\r\n                    <tr>\r\n                        <td style=\"height:80px;\">&nbsp;</td>\r\n                    </tr>\r\n                    <tr>\r\n                        <td>\r\n                            <table width=\"95%\" border=\"0\" align=\"center\" cellpadding=\"0\" cellspacing=\"0\"\r\n                                style=\"max-width:670px;background:#fff; border-radius:3px; text-align:center;-webkit-box-shadow:0 6px 18px 0 rgba(0,0,0,.06);-moz-box-shadow:0 6px 18px 0 rgba(0,0,0,.06);box-shadow:0 6px 18px 0 rgba(0,0,0,.06);\">\r\n                                <tr>\r\n                                    <td style=\"height:20px;\">&nbsp;</td>\r\n                                </tr>\r\n                                <tr>\r\n                                    <td style=\"padding:0 0px;\">\r\n										<h1 style=\"color:#1e1e2d; font-weight:400; margin:0;font-size:28px;\">Şifreniz Güncellendi</h1>\r\n										<span\r\n                                            style=\"display:inline-block; vertical-align:middle; margin:12px 0 26px; border-bottom:1px solid #cecece; width:250px;\"></span>\r\n										<p style=\"color:#455056; font-size:15px;line-height:20px; margin:0;\">\r\n                                            Aşağıdaki şifre ile uygulamaya giriş yapabilirsiniz.\r\n                                        </p>\r\n										\r\n										<h1 style=\"background:#6610f2;text-decoration:none !important; margin-top:25px; color:#fff;font-size:22px;padding:10px 22px;min-width:150px;display:inline-block;border-radius:10px;\">\r\n											123456\r\n										</h1>\r\n										\r\n                                        \r\n                                    </td>\r\n                                </tr>\r\n                                <tr>\r\n                                    <td style=\"height:40px;\">&nbsp;</td>\r\n                                </tr>\r\n                            </table>\r\n                        </td>\r\n                    <tr>\r\n                        <td style=\"height:20px;\">&nbsp;</td>\r\n                    </tr>\r\n                    <tr>\r\n                        <td style=\"height:80px;\">&nbsp;</td>\r\n                    </tr>\r\n                </table>\r\n            </td>\r\n        </tr>\r\n    </table>\r\n    <!--/100% body table-->\r\n</body>\r\n\r\n</html>', b'0'),
('62eac87e9f9cc', '2022-08-03 22:11:58', 'fonkera@lenorabilisim.com', 'chercy.001@gmail.com', 'Kullanıcınız Oluşturuldu', '\r\n<!doctype html>\r\n<html lang=\"en-US\">\r\n\r\n<head>\r\n    <meta content=\"text/html; charset=utf-8\" http-equiv=\"Content-Type\" />\r\n    <style type=\"text/css\">\r\n        a:hover {text-decoration: underline !important;}\r\n    </style>\r\n</head>\r\n\r\n<body marginheight=\"0\" topmargin=\"0\" marginwidth=\"0\" style=\"margin: 0px; background-color: #f2f3f8;\" leftmargin=\"0\">\r\n    <!--100% body table-->\r\n    <table cellspacing=\"0\" border=\"0\" cellpadding=\"0\" width=\"100%\" bgcolor=\"#f2f3f8\"\r\n        style=\"@import url(https://fonts.googleapis.com/css2?family=Montserrat&display=swap); font-family: \'Montserrat\', sans-serif;\">\r\n        <tr>\r\n            <td>\r\n                <table style=\"background-color: #f2f3f8; max-width:470px;  margin:0 auto;\" width=\"100%\" border=\"0\"\r\n                    align=\"center\" cellpadding=\"0\" cellspacing=\"0\">\r\n                    <tr>\r\n                        <td style=\"height:80px;\">&nbsp;</td>\r\n                    </tr>\r\n                    <tr>\r\n                        <td>\r\n                            <table width=\"95%\" border=\"0\" align=\"center\" cellpadding=\"0\" cellspacing=\"0\"\r\n                                style=\"max-width:670px;background:#fff; border-radius:3px; text-align:center;-webkit-box-shadow:0 6px 18px 0 rgba(0,0,0,.06);-moz-box-shadow:0 6px 18px 0 rgba(0,0,0,.06);box-shadow:0 6px 18px 0 rgba(0,0,0,.06);\">\r\n                                <tr>\r\n                                    <td style=\"height:20px;\">&nbsp;</td>\r\n                                </tr>\r\n                                <tr>\r\n                                    <td style=\"padding:0 0px;\">\r\n										<h1 style=\"color:#1e1e2d; font-weight:400; margin:0;font-size:28px;\">Kullanıcınız Oluşturuldu</h1>\r\n										<span\r\n                                            style=\"display:inline-block; vertical-align:middle; margin:12px 0 26px; border-bottom:1px solid #cecece; width:250px;\"></span>\r\n										<p style=\"color:#455056; font-size:15px;line-height:20px; margin:0;\">\r\n                                            Aşağıdaki şifre ile uygulamaya giriş yapabilirsiniz.\r\n                                        </p>\r\n										\r\n										<h1 style=\"background:#6610f2;text-decoration:none !important; margin-top:25px; color:#fff;font-size:22px;padding:10px 22px;min-width:150px;display:inline-block;border-radius:10px;\">\r\n											380142\r\n										</h1>\r\n                                    </td>\r\n                                </tr>\r\n                                <tr>\r\n                                    <td style=\"height:40px;\">&nbsp;</td>\r\n                                </tr>\r\n                            </table>\r\n                        </td>\r\n                    <tr>\r\n                        <td style=\"height:20px;\">&nbsp;</td>\r\n                    </tr>\r\n                    <tr>\r\n                        <td style=\"height:80px;\">&nbsp;</td>\r\n                    </tr>\r\n                </table>\r\n            </td>\r\n        </tr>\r\n    </table>\r\n    <!--/100% body table-->\r\n</body>\r\n\r\n</html>', b'0');

-- --------------------------------------------------------

--
-- Tablo için tablo yapısı `email_settings`
--

CREATE TABLE `email_settings` (
  `id` varchar(40) COLLATE utf8mb4_turkish_ci NOT NULL,
  `status` bit(1) NOT NULL,
  `created_time` datetime DEFAULT NULL,
  `creator_id` varchar(45) COLLATE utf8mb4_turkish_ci DEFAULT NULL,
  `last_updated` datetime DEFAULT NULL,
  `last_updater_id` varchar(45) COLLATE utf8mb4_turkish_ci DEFAULT NULL,
  `protocol` varchar(255) COLLATE utf8mb4_turkish_ci DEFAULT NULL,
  `server` varchar(255) COLLATE utf8mb4_turkish_ci DEFAULT NULL,
  `port` varchar(255) COLLATE utf8mb4_turkish_ci DEFAULT NULL,
  `account` varchar(255) COLLATE utf8mb4_turkish_ci DEFAULT NULL,
  `password` varchar(255) COLLATE utf8mb4_turkish_ci DEFAULT NULL,
  `from` varchar(255) COLLATE utf8mb4_turkish_ci DEFAULT NULL,
  `to` varchar(255) COLLATE utf8mb4_turkish_ci DEFAULT NULL,
  `title` varchar(255) COLLATE utf8mb4_turkish_ci DEFAULT NULL
) ENGINE=InnoDB DEFAULT CHARSET=utf8mb4 COLLATE=utf8mb4_turkish_ci;

--
-- Tablo döküm verisi `email_settings`
--

INSERT INTO `email_settings` (`id`, `status`, `created_time`, `creator_id`, `last_updated`, `last_updater_id`, `protocol`, `server`, `port`, `account`, `password`, `from`, `to`, `title`) VALUES
('62b5ee6899d98', b'0', '2022-07-23 14:09:54', NULL, '2022-07-23 14:40:32', NULL, 'smtp', 'smtp.office365.com', '587', 'fonkera.dev@hotmail.com', 'fonkera2022xxx', 'fonkera.dev@hotmail.com', 'fonkera.dev@hotmail.com', 'FONKERA DEV'),
('62b5ee6899d99', b'1', '2022-06-24 20:03:36', NULL, '2022-07-11 00:15:41', NULL, 'smtp', 'mail.lenorabilisim.com', '587', 'fonkera@lenorabilisim.com', '1enoraBi1isiM', 'fonkera@lenorabilisim.com', 'fonkera@lenorabilisim.com', 'FONKERA');

-- --------------------------------------------------------

--
-- Tablo için tablo yapısı `groups`
--

CREATE TABLE `groups` (
  `id` varchar(40) COLLATE utf8mb4_turkish_ci NOT NULL,
  `status` bit(1) NOT NULL,
  `created_time` datetime DEFAULT NULL,
  `creator_id` varchar(45) COLLATE utf8mb4_turkish_ci DEFAULT NULL,
  `last_updated` datetime DEFAULT NULL,
  `last_updater_id` varchar(45) COLLATE utf8mb4_turkish_ci DEFAULT NULL,
  `name` varchar(255) COLLATE utf8mb4_turkish_ci DEFAULT NULL,
  `description` varchar(255) COLLATE utf8mb4_turkish_ci DEFAULT NULL,
  `phone` varchar(255) COLLATE utf8mb4_turkish_ci DEFAULT NULL,
  `email` varchar(255) COLLATE utf8mb4_turkish_ci DEFAULT NULL,
  `address` varchar(255) COLLATE utf8mb4_turkish_ci DEFAULT NULL
) ENGINE=InnoDB DEFAULT CHARSET=utf8mb4 COLLATE=utf8mb4_turkish_ci;

--
-- Tablo döküm verisi `groups`
--

INSERT INTO `groups` (`id`, `status`, `created_time`, `creator_id`, `last_updated`, `last_updater_id`, `name`, `description`, `phone`, `email`, `address`) VALUES
('62b3650c1216b', b'1', '2022-06-22 21:53:00', NULL, '2022-06-24 19:27:29', NULL, 'Group 2', 'gr2 desc', '0(312) 312 5555', 'grup@example.com', 'adresssssss'),
('62b37dfaec6a7', b'1', '2022-06-22 23:39:22', NULL, '2022-06-24 20:32:23', NULL, 'Group 1', 'gr1 desc', '0(507) 155 5555', '55555@example.com', 'asdasdasdasdasdas');

-- --------------------------------------------------------

--
-- Tablo için tablo yapısı `users`
--

CREATE TABLE `users` (
  `id` varchar(40) COLLATE utf8mb4_turkish_ci NOT NULL,
  `status` bit(1) NOT NULL,
  `created_time` datetime DEFAULT NULL,
  `creator_id` varchar(45) COLLATE utf8mb4_turkish_ci DEFAULT NULL,
  `last_updated` datetime DEFAULT NULL,
  `last_updater_id` varchar(45) COLLATE utf8mb4_turkish_ci DEFAULT NULL,
  `country` varchar(255) COLLATE utf8mb4_turkish_ci NOT NULL,
  `identity_number` varchar(255) COLLATE utf8mb4_turkish_ci DEFAULT NULL,
  `name` varchar(45) COLLATE utf8mb4_turkish_ci DEFAULT NULL,
  `surname` varchar(45) COLLATE utf8mb4_turkish_ci DEFAULT NULL,
  `title` varchar(45) COLLATE utf8mb4_turkish_ci DEFAULT NULL,
  `birthdate` date DEFAULT NULL,
  `phone` varchar(45) COLLATE utf8mb4_turkish_ci DEFAULT NULL,
  `email` varchar(45) COLLATE utf8mb4_turkish_ci DEFAULT NULL,
  `description` text COLLATE utf8mb4_turkish_ci DEFAULT NULL,
  `profile_image_url` varchar(255) COLLATE utf8mb4_turkish_ci DEFAULT NULL,
  `last_login_time` datetime DEFAULT NULL,
  `last_login_ip` varchar(255) COLLATE utf8mb4_turkish_ci NOT NULL,
  `group_id` varchar(45) COLLATE utf8mb4_turkish_ci DEFAULT NULL,
  `password` varchar(255) COLLATE utf8mb4_turkish_ci NOT NULL,
  `role` varchar(25) COLLATE utf8mb4_turkish_ci NOT NULL
) ENGINE=InnoDB DEFAULT CHARSET=utf8mb4 COLLATE=utf8mb4_turkish_ci;

--
-- Tablo döküm verisi `users`
--

INSERT INTO `users` (`id`, `status`, `created_time`, `creator_id`, `last_updated`, `last_updater_id`, `country`, `identity_number`, `name`, `surname`, `title`, `birthdate`, `phone`, `email`, `description`, `profile_image_url`, `last_login_time`, `last_login_ip`, `group_id`, `password`, `role`) VALUES
('62dbc9c9511a4', b'1', '2022-07-23 13:13:29', NULL, '2022-08-03 22:55:28', '62dbc9c9511a4', 'Azerbaijan', '37927282684', 'Fatih', 'Çerçi', 'Prof.Dr.Fatih Çerçi', '1995-09-10', '0(507) 216 5824', 'fatihcerci001@gmail.com', NULL, NULL, '2022-08-03 23:50:37', '::1', '62b37dfaec6a7', 'e10adc3949ba59abbe56e057f20f883e', 'admin'),
('62dbe36f8f18a', b'1', '2022-07-23 15:02:55', NULL, '2022-08-04 00:26:29', '62dbc9c9511a4', 'USA', '15755272756', 'Meryem', 'Çerçi', 'Dr.Meryem Çerçi', '1996-03-03', '0(507) 916 9176', 'melike.sbp@gmail.com', NULL, NULL, '2022-08-02 22:28:43', '', '62b3650c1216b', 'e10adc3949ba59abbe56e057f20f883e', 'doctor'),
('62eac87ded2cc', b'0', '2022-08-03 22:11:57', '62dbc9c9511a4', '2022-08-03 23:40:30', '62dbc9c9511a4', 'Turkey', '37927282684', 'Ahmet', 'Kabak', 'Dr. Ahmet Kabakssss', '1995-09-10', '05544092278', 'chercy.001@gmail.com', NULL, NULL, NULL, '', '62b3650c1216b', '53a65c4deb965b2bb06aa5fae5339fa1', 'doctor');

-- --------------------------------------------------------

--
-- Tablo için tablo yapısı `user_session`
--

CREATE TABLE `user_session` (
  `token` varchar(255) COLLATE utf8mb4_turkish_ci NOT NULL,
  `created_time` datetime NOT NULL,
  `expiration_time` datetime NOT NULL,
  `user_id` varchar(40) COLLATE utf8mb4_turkish_ci NOT NULL
) ENGINE=InnoDB DEFAULT CHARSET=utf8mb4 COLLATE=utf8mb4_turkish_ci;

--
-- Tablo döküm verisi `user_session`
--

INSERT INTO `user_session` (`token`, `created_time`, `expiration_time`, `user_id`) VALUES
('00bf222ae4b6a6839e08e0b6ad6df258d3c77f5125be07d5b148b98eeed50087644e60fe5e3b60dd202e9d58b60e6807c0d7ed60482f75448163acfecb72b6f4ZVxAbMPIxWPU+0U/CjZO4GCXCcn6FKNyntvqAAkNieV5fc/CyO0busrWUbhV95hP', '2022-07-31 14:32:49', '2022-07-31 14:42:49', '62dbc9c9511a4'),
('01cec5bf36a0e817e4d7dae2eadd44842d8e0352ea970264511b8546f10f79de5b20e2d6fae939267fc6bf7ba7c23dcd75539bc76a6b1d78c34765dde54edbcaOI5TEG6gI8fWiP8sQQpITB301BfmFay2SUQ7hZUD+eHKpX+ChQ588ASCGj/Wtn5E', '2022-07-31 00:16:37', '2022-07-31 00:26:37', '62dbc9c9511a4'),
('025f747a1bcc7eca2f41fffce102fe7543259ebb109cfb64f4a4cc566a85a824a151ecb82ea510c37036e2d0a6b2bad5c131e50d7d575aeda5c9520cfe910ed1wEKOiwC5Nilsp8OJOjzg+JxInfsmEAfuRVQnV6VZSIsdltq6Fi6YQUQJT8fSeRCu', '2022-07-31 16:03:20', '2022-07-31 16:13:20', '62dbc9c9511a4'),
('034be2d5fd2c3aa4692fef7ed643d714e8b0b340b0b878fb423ea3879077af86985ae2fee95f61df86078534a7a0bf052cd35b40c74dc6816a47ab1f5cd4f898kl9s9Wf9ZsnndQN81lCSSCf3wvJ8TYrxzp1Tns4XMbT0cmMX6HPE+d+AmROnGBF2', '2022-07-30 23:17:48', '2022-07-30 23:27:48', '62dbc9c9511a4'),
('04cc0e61c183c2b246237759f40bd8547cdd4b7aebd73b496d0692295d013ab4552a17c1d59526aacbfa5f5672f00bf40f238c06b714c08f4b4e32f54a444f27evkDmeXcWdgDBLEnvJ1es7Ljf3ReURcElNZrhgjhhj8ETiQHSLHvnBFmhR0PDOOy', '2022-07-31 14:08:26', '2022-07-31 14:18:26', '62dbc9c9511a4'),
('051b29bc5481f7c02521be13e9b2deafa3315c06963e0da30ff78ecd6055d231211c6bd32a720e5310995d3aee11695f52f76ea5dfef3cfcc40fc30fb9c88601K0S6Wen8cm+rl5Si9E8MUvvNOvisGoRBsPfweLls4zc//o8nM5y3aoKNmxOlZ2pd', '2022-07-30 23:42:02', '2022-07-30 23:52:02', '62dbc9c9511a4'),
('05282b44e2bb8b12008c100c7ebfa7da60d5a85ed16722af064b9f86e0a8a576100e236463f33fe31c645fae412cef246fa23fb1ce0a91b2241d0ddd09ecf7c0h1M8kv0abWbJjd0jtvJFaFoq5HlGe1CN4rq28fVc6t/+cjzesrdzSTS00gjTZUQ+', '2022-08-02 22:33:48', '2022-08-02 22:43:48', '62dbc9c9511a4'),
('05bd9615a490882e6f970131902146b30e8c7d37d1946965265c8f6141682b2264b5269a6513d22891dcfc5b922191bfe51f85a1cb477c6921f1dc9cee520612N3T4vP4llHNuiTKdFj/6HSorUIW8d2snlXHgvhCXLxELobp117Js8AVb4J5w02Oq', '2022-08-03 19:36:12', '2022-08-03 19:46:12', '62dbc9c9511a4'),
('08359a8bed1a2e01cacb27f442a910395d71974005de71d093bf709e687864f9d9bec5dc9e2f29d0f22a1b34d07d91b79238bc2f8a8a6696af9be697880589497psw8ue3pFScbSH0AfktgU4I9oDNPEr6V3z4Y8u89F+ajktiHHHVt8m0g8lh1lo4', '2022-07-31 17:31:03', '2022-07-31 17:41:03', '62dbc9c9511a4'),
('090840e3d87f84b380bb0b653efc28084c3e8c68df6e901d3def465d38383f7a3e170de8618c21db120b24a74f88df4422e5ecd0c7efbe0a8d123db730fc7ea6UNUCRPU17p4ByOpXdelzqJB86509RReOMRdYLBo7GmiNylZZpBG79qPSi4/lTwcn', '2022-08-02 22:28:57', '2022-08-02 22:38:57', '62dbc9c9511a4'),
('09698e96e37a5bafe0d54a74fc968008742d2e433df17f5954bac328115616dc505f40abab3e06e6db0be6ac00a8c2069f47604add6e2dde060691cd6f6c70afeH1BXGeCn3sig9BKI8bQL1mTJSOvjmWGFucub/zpmnwWE6gRM8zt9hB0FGQuHzhF', '2022-07-31 17:27:48', '2022-07-31 17:37:48', '62dbc9c9511a4'),
('0c2dcf0268b240f54cf14c773b5264565cd80f24460f933ef111dfa1905b41b0cd0a16ee525ab7e7e17cc3a8c21d99dede9d65520d8040f972e2d305070be7ce2GQJVCoe1oLk0JgS3afuHFYnuMmB2ncoEjmZv+EQeP89ys/iHVRRh89j8iCXI5xn', '2022-07-31 14:20:00', '2022-07-31 14:30:00', '62dbc9c9511a4'),
('0c30c8be26461dd8a9be378762842a66a729b8ca71d95403b87a64e388b55cc5ac5d58e587ef2b710dc76b63790c231c4eef14c67f54701cf72715e74b1b0060FXvphDQw6vLnuCdd60ZfK1x2nwjTMPmIugpBCnmzQaCzslVYskFkwtQO+IFIn37Z', '2022-07-30 23:43:48', '2022-07-30 23:53:48', '62dbc9c9511a4'),
('0d269a2e9ec822c8227442255880a0b880880a879790d85251a6e599a4daef2eb0f30f77979da5a67c2208ba1181fbf012800b1748d41a11010e415fd5914452C5aegfu8qOQDY3QhUMu5+f8cHdFxTa8YOg1XOowPMEihlaciLR2LZkcMlNMaTgec', '2022-07-31 18:07:30', '2022-07-31 18:17:30', '62dbc9c9511a4'),
('0ea03d7385ee9e85607578ca47ec6f4c0915f11c2885e97286168382c0d62af063578069e107eed651e878650d635254af972c25ce278413b949defdc5a0edadeoNW22UTB3xkm/Wh4x9xdonM889HO7BL47XYjUGIAF1jNnMFj3a2aiygEJjReeDX', '2022-07-31 14:08:02', '2022-07-31 14:18:02', '62dbc9c9511a4'),
('0f1f8092bd5a40d40d8c8d589d808236624338c5acae1d3278dee97df2c90d6fce9114f1c18a39d3c0b3c83dad721e3f0510aeb604cfbb7a5ee32a0c241d8b3fv83OK9M1HruQro4/4b33ywwRsWVloWm+kRmIB1VV9PUO1ZLaUtA6gkZFMWd5WvXM', '2022-07-31 13:34:41', '2022-07-31 13:44:41', '62dbc9c9511a4'),
('114f806afe48b74fdfe2776957b2963623e01e08c470170eac5bb16da1063fd6762538bcb7979cb2a50a9d1e2bd10ab75aab1d638a2baf0833c4ad5f30fa654aAbJbcIbaG4fmpodh6Ik1gl8NYi8aPSebj4I9LkNYXCEFgKqsAlDI39lTjVyeg5qg', '2022-07-31 20:10:59', '2022-07-31 20:20:59', '62dbc9c9511a4'),
('12062dcbeeaf43c06db99c940955186fd30e341314af61dfb9fb6e1cf4a4269ce1ed0b92fbdf61ce4a4ba5377c9408a4488c5e768c267147bb1ee8f9f9dc4d8aO7p50s5t9/7qZdXSlr0KO1fcO0I+/ET6NeRPVxSF7bmdhWBLO+d5nmQG1JmTome8', '2022-07-31 10:03:31', '2022-07-31 10:13:31', '62dbc9c9511a4'),
('12682d6c337674f48c6ac76ed319754938d5b1c4d65cf6a4edf25e1fc826d0c25dc372b654d954c8d3ac299dc6080035d04dda5fdbb6f67027ec456c252cda419eEITG03+5JttkOida+9k5/9954eKD+uxVXaNjVdrVacR67+i2xKVNjA1vH2yhI9', '2022-08-03 21:03:30', '2022-08-03 21:13:30', '62dbc9c9511a4'),
('13431c713705fff59f87be63df6158103390d188b7257b56ee36bdd969f17a0233491aae5ab5476af3bc0ec05ce24075f11b381a8fc3634544bb4a782389e591v1UaLGMqR+X0gVWrU9WvioGiuW1fl526Hj6lKYK+fh0J2KhNEEJvtIDJ0d2fnXPM', '2022-08-03 18:46:00', '2022-08-03 19:00:24', '62dbc9c9511a4'),
('13b666c76ce7c6fb4b557b1b0a30bc5780aa3f3340c2c612658e082ac84320e9d18abb6cb92a8f341cc24352ea00e1d097669a9eb65468ff787ac74a0478c805yXC9KUmQAG/0eew1MMlnPi1t6jmXc1duYzIb1mGPBBCrz+Ro3DzENyyxTK5a8FtF', '2022-07-31 17:28:50', '2022-07-31 17:38:50', '62dbc9c9511a4'),
('13e264642856a744474194fcbb182f62a3c1e46605f421404e926b7374037bbb9a52cd5475ab0576075688c46825da3030bc6855656790086c4bd6ea03735d33i2OxSU8jMg4qa1NsZUP4njPfxLhbOdVgIJV/5aTLDqKAK+fcYnebRSRtuoRabD7w', '2022-07-31 19:22:19', '2022-07-31 19:32:19', '62dbc9c9511a4'),
('146d3d65b4a49ef82f4abdc4f753305258e471362c802642b5032b233dbd4a0cf7f0633b3c1b95f3c6344e0790718c4beb6859aa0cd20a44857e09db6872c993Qm7La7mjVfCzMzwLgGJncEjYYk/3mr7KKeqjyexZ0R8AmyrvaNOPmTlMu7C67r97', '2022-08-03 19:14:03', '2022-08-03 19:24:03', '62dbc9c9511a4'),
('15a31c258eb9a60267a03504061d46fb462649062cae0c126469b4df3ae5d66147ad99d6646afece26d82185249a23461776c52c80c9e70e4d080d429051e1c9lmnIsSXl7e/oPoKTE4EQ7p30cVYvxiuQZHt9D5PeKmKYYa6ON8vc8eWkwjHjIK+8', '2022-07-30 23:16:54', '2022-07-30 23:26:54', '62dbc9c9511a4'),
('15f961de814352f8aa97333442e54f864f6d936359677ec6d74a37267813c60930ee274f690327f42498a317f906351321ddde8803026468748e7bd6ca8e9e94V1qqaJJhWyuiZABNxm0B5ISLhML4Zg8S8JE7RF/4r8qP4XLoz9JobNQsYwf3dnf2', '2022-07-31 19:09:53', '2022-07-31 19:19:53', '62dbc9c9511a4'),
('177a87acb7dfe524ba31634d026fa326c84602b00698afe4f74d3c28cdea230dbd46906141a74b783cfa287cb7aeea1858008fe577940dfc3cf73f6d73cfcd94qW1MtLfbA3BIdNbt1AN6ZzCMDc+xYRU/EQksebo1E0TZjbj2ht6HZ8z0HErwVvjU', '2022-07-31 11:20:30', '2022-07-31 11:30:30', '62dbc9c9511a4'),
('18c21f211f1b37eddc33a8fde1872d2e8e1ff76eb02687fde695c9d7cacc5acc617ce8f02984231e8ef64d50d599a4578691d5bead8a2d90402c4d5b20c610acYbHFZVTFmfU7jSJLCqjM11GeMwBCLXQWxJPDi/hDSE3fL474YcWCrkjP4hx17VTV', '2022-07-31 09:09:24', '2022-07-31 09:19:24', '62dbc9c9511a4'),
('1a55d61f0de843c3fc85df4f3868487dd5606df3e1125c2422720afb88c7128550f05db396f8464e3cd02acc4f978004771658a92de059cf52b2c7a025eb55fel0TFrZTh6kL9JyF7rXwacHUFYMMIKWlioAZj2vW+A83tggfNghm4deX0zxHKLKg+', '2022-07-31 13:38:38', '2022-07-31 13:48:38', '62dbc9c9511a4'),
('1bd07139b538770f7e136208ef9803ec97953e9765d28c65c98654700e36b8eb2bdd3937cc217d6a2e8bb0d0b8901fbf86679b61cfd39797b59a45cd59382a50YbV9RZSZJOKWymYviDAjrKgV9EdNFvOmNIstAe44iY8t0p5tA5EezAMCxelf4J8B', '2022-07-31 11:18:44', '2022-07-31 11:28:44', '62dbc9c9511a4'),
('1bea498822a0f7d9df03cc251244febdc334abc9d224dd6f9f54abb93098feb0ee29b85dc3eda302b43b26ac9553d489576489af708846a8bde05bf06fe1ea58RFMYXAD9Wzl96niK3sin6la/xLDRCawc8TZ7shTH/SEOQprH5spzYgq/nXkncYz1', '2022-07-31 16:56:11', '2022-07-31 17:06:11', '62dbc9c9511a4'),
('1de1ac5131c25590ef8b91fa5a0d8927e8594547b63d05be112c7b0d3dcb6ee340c54678d7caa0d54ed5dfa2effdbdd81de96557c2d2b7201754f2c48e0fa92eGafuw6GRyb37+c/pdO4lZ52mBQj+os24REytTJ/AYovnJpYQflDcGhYQNdSdoZk+', '2022-07-31 16:37:08', '2022-07-31 16:47:08', '62dbc9c9511a4'),
('1fc748ca0d79b508117bd8537cea4bc99259df877bd07d2f4b638f9f6091404b1127bd393c4a5e5ac8fc2283b73cfe73d6609ec5152b4555df533725ae594e33zNXxRnKhPJyCnUAOUS2c2pLcf91x3TrMLQdNJ1jO9cp7DRnhAlFRirQ+kVTUQE2m', '2022-07-31 15:31:30', '2022-07-31 15:41:30', '62dbc9c9511a4'),
('21531d6887b3f063e92df164561adfd6058b1d203f6174a2d4a17eebd0ea641288d29db2527296da5cded451e08e13b405d88ca5dab491554405c330a95ef09dtz//UORj+yyojXM+iQn0Z7b3quP7eP5D69eAxxSu5djjgsn+7/54NU1ERbkWF+1z', '2022-07-31 15:30:31', '2022-07-31 15:40:31', '62dbc9c9511a4'),
('21a5a540f955ff4781699b9da654a31072ca38305a73ec68b1d75111375c8ff76504238a98ef59556e6bc052fa6b51a50a3a077fa30c6ddc45320073115178ee7/+yDRJf7rjC1F1D16ls4sJfz5EEGweMC3HOCN4D47yw0ngw5+x9UNG8HPLsFq4J', '2022-07-31 16:39:49', '2022-07-31 16:49:49', '62dbc9c9511a4'),
('232056f026857fbd61232aacbb21c93ee2fed14d3e7b1917d02da1934674033a42b51f82ea89d8580cfa362f4bb2f93bdf6e2ee58898a00025e990d180dd4e52aSsRjTI1u9djtY3IfkSTlgh62cSWDIT+GbSvsAzyZdRPxT08F2EiPrsj9IJh9rI/', '2022-07-31 14:00:21', '2022-07-31 14:10:21', '62dbc9c9511a4'),
('250ffa835ea44edf6b8b42c9ec3c237d031e23eb705399e15f9625316ec452bf6f0673ee77c34ad5fb517070cb77b54ea726c5e0c8568b7423217230e1152114FNKJjv3pkII8C95Qyg8JErDyy5lUldgANw1QQhjNy5gl8w6RZmItQ6JuOU1R25Uy', '2022-08-03 19:28:08', '2022-08-03 19:38:08', '62dbc9c9511a4'),
('267ebfc2b64c707dc73187ad9de22d8bac6e45897ded18e7a05119956702c6e7854dc1e1939fc4ac6599209acb9aea93aea9a46c328ebddad5f03cb8a626cba8wf05hqmRYtjYGNrphgbLE20NoTu6LmjhltYywmyKfyG+15vEYO552sYcRYylv1Jo', '2022-07-31 17:51:53', '2022-07-31 18:01:53', '62dbc9c9511a4'),
('268cf21a3f4008800b74e027b4b2343bcfa02fbc53b69cbcd4aff48cfe4ccfc24a613e05f4465eb7efda2fdd61c6644abba9df220bb92580bb7ebfa5204152cc/BnrCJhbPVD++BzjKSY6POF3Pm7C0sFdPrLgVMTZDD/Yns0Zaf+GfJ8jJHV9aMJq', '2022-07-31 17:56:38', '2022-07-31 18:06:38', '62dbc9c9511a4'),
('26c83837ff4f91f19422614e6199ff13b09ce53f4475cd51b0d4ceda91eca338dd39109be38dc48eeff4ca8a3b6aa4cd634f3a3bbc99f3bb78e8ce11ad2c5b5eYqpxZ2Jm4mErV/ufgKJJALH2XpHCKCmZQbVxzw0L29+FAHOjokrAlOJd5urv4DZ0', '2022-07-30 23:51:00', '2022-07-31 00:01:00', '62dbc9c9511a4'),
('26ece8f46fba6d43a8670a2b2280388b04278fd096c54a11e52cc7e6de3e3b5630bf9d62db7dac2dd5ef8d1e8cd247700cc9275dd17b2a80999f1e3d13afb578/KJPmBg8/JixFO+jRpeL4ZCD8G2X/dffSojC/HCYgu7OOGqJ3DBmUmSr0p5jHqlp', '2022-07-31 15:47:00', '2022-07-31 15:57:00', '62dbc9c9511a4'),
('2889985e6de50e0d6f9f38d1b3a58e9d64f656ae78934d2a31ccdc7a450b28de19e821265a6162493722cf9a7f3b8952b46b559c7a8ad7d61ceb3c789294f31f+s74EOUSbyfXh08l/neboNf3GeNgM3JcX1tPvEFzHd2d9888CwWMHBwCAcMQbNVQ', '2022-07-31 02:35:59', '2022-07-31 02:45:59', '62dbc9c9511a4'),
('28f7b8b3a0629109657bece70cd1e237b4cf1020796a45f8915f5ff70d1abbc989b2151c934680c6f6ae28d3316e831cb915f74f6f4f5ad7340b2aabef38d4e10Oqr9PK6KQxL00RKL2UT6PIF7dsKFINHKUzILBMHNtuWsBI3ffUYzOCmT4oBKiIS', '2022-07-31 19:17:46', '2022-07-31 19:27:46', '62dbc9c9511a4'),
('2a7c4bbca875b866c697b45d4265f7608c27e6d631a2c9637f1489640150a3f4f87a41c3366a5249698e1203ce008e7d6d9ae4271d627f97b3cc307f374c200dGyIW/R1plyUM5wKbuAnikDmTojj7tW0R5xbUmBZfIZd3ugqTrDzIkmaISPVLHR0n', '2022-07-31 15:05:20', '2022-07-31 15:15:20', '62dbc9c9511a4'),
('2bed3e7e9c8033ac94662be25ea124fc286cdb3ca1554c7bd8c400c28990c139c8c3b673523996ce1b135c7ae7499a500ac96eeb4dc3f226d356aeb7604d2e48E4CG8wg5JgAY8kqGH/Uwf9iFz+1vXryFk9IhlV++uH6Q/GLVL89JTEqHmgJ2rfJK', '2022-07-31 17:01:55', '2022-07-31 17:11:55', '62dbc9c9511a4'),
('2c5a6f62366f2a2c8387c33c2aaaa98c9d8ea065bb9d32d6b40635d27f8e17422b1f0d4e78e30e03b7d2a9e12766f4238c8c3c7f9d640e96bd1a553d01999131KnjQoaMn+bUSolf0FA+vUGRDOrEcYdEem9iWRzH3Y/iFkMEfssx5IUzV5kkUCB1I', '2022-07-31 19:36:40', '2022-07-31 19:46:52', '62dbc9c9511a4'),
('2eae938b75cd725679825f24b2b6bb86d0765f6d63cf304fb6465185ccd73414f42e8ec02b54d254997cdafc75b2c01126096aff03b9d399d20c923ea1a48932Armn9DGVZ5TrSGurJ0PJavYHFBGNdBp23n+qPqPxGFUddhDtC1ByUJDxQACNtORU', '2022-07-31 22:38:50', '2022-07-31 22:48:50', '62dbc9c9511a4'),
('2ef4e9ce123d377cd58fa29c8dc5f9c897d73405dc564653d671c444b77d895c78289a02388de4929b6d9226f35da95337605bd317b07454076a216623179ebc46FGvpswv0XJC+TC9nyTOajnLWevyOxaBQ6nUGFEXF/fDuRrAul7o5GTaQE6ibIM', '2022-07-31 00:55:50', '2022-07-31 01:05:50', '62dbc9c9511a4'),
('2f2e65ae9d3306e6a279ca839289b5be47bc75aa7fb55cf9354482d33d2e5d2413af3be9722fce6da317435bcaaafb0e2710b2ee1a20fbaa7d26688516b3f109507CuHTFckLkXscIHXUWZuA2fcohJ5D0YRLPNqodt4p8ubwQ0FezI7vBZWTDivpp', '2022-07-31 19:52:26', '2022-07-31 20:02:26', '62dbe36f8f18a'),
('306d8d6818b94d8cbaa87a0c0b3524d6e5225d521225208c14994654fa9327365b0524c36ef707f48f9abcfb5cba138b738cd6cca8b8e6da53a400b69477dbc6x2Gzc3FfPaCx55S1d4+38aBZKDcXDnLOXAJV1F7sdWTEJpnSPcQON+rGX73Pd/Mw', '2022-07-31 14:45:20', '2022-07-31 14:55:20', '62dbc9c9511a4'),
('30bf13d46b301d6999c34aeb72964513840485020ff5dee00f4fb5dfdebd3b67e934ae6c69724d8cacaa48eff92e090d8b6f1c316f436f5f92c5e04a0cf8044aYLaFLKbwbVq7SDtPwqE7ZSuQmIKv7IPqdw0E56J4qdhOXUv/DpF+nLTeWgxgrHrc', '2022-07-31 00:41:01', '2022-07-31 00:51:01', '62dbc9c9511a4'),
('30e73074661af45eac9745c42e0b66a94a23aa53db33edf365c732fb3f19789e69d52b395ae11edaa4f8e7845044fce2254db889ba545b48b1c4817e64379b0b6mzVIOrdXC15iKcWszfwn2iO8PEa1Tob1qE7G2w4pSm7Qt/o6vZxCJWEVYAFFRzI', '2022-08-03 19:25:39', '2022-08-03 19:35:39', '62dbc9c9511a4'),
('31270b2ce195f466a7d18ffcb9e1f72e593b5977269d48cdd390ce275d670c5f8fcd5560a8d9bfd7aecc4546716aadaed140d931e177d943de2af25ceb7661851h8LhqUefeKojeEamRnL4IBkKorX4AzkPGdVnKMfBtTz0xj59cu86Iw5wkbGbnK0', '2022-07-31 20:00:44', '2022-07-31 20:10:44', '62dbe36f8f18a'),
('3227bfdcd3b00efe1d1b644bc6a3ade60a1a98cb33a75caa4adab0ed4ab27a940aa96d62debafbec85446417c49e71d9025f925796a85da604b04bfbf9b042695x8SrJEq4gSzzUOmu2JpK+o1oiFZde1BAecTnoF6EN2uYGMgcWP+r30EAeNaHhQF', '2022-07-31 13:42:29', '2022-07-31 13:52:29', '62dbc9c9511a4'),
('337f48cb1ca34a58e48c6ea8d845f18f5d158be17623d40c14b6a3662d6895c5830122950e0e0861f15877d5eb4244844db47841244fc45b7fd30da9445b1f21f8+cweYbLV7pywZN7e0mM78ERTOjj9+j+H9X+qceh16DNydJ+GvUQgWHDj7dcRS7', '2022-07-31 15:15:31', '2022-07-31 15:25:31', '62dbc9c9511a4'),
('34f8d410289fa3c0f53d83a4ceed56c1731bd9dec37f906ff15883d5d582e04c8b341ee017ae494f19edbffd04cb630bb99bd5da2d89fcb1193fc0b27530e7306+5eVZ5lI1rUn9KeyfwLYqqKlCfYvGsA5acueAD4qaQt91nhJSqiyCA3FzJpjg2/', '2022-07-31 14:43:35', '2022-07-31 14:53:35', '62dbc9c9511a4'),
('360151bb31824389ad1aca1728769606d7915a1e525492dd1f540113894daf431b863f89e40cc50c178cd1d341ca74bf951fbf63319b6cd5324854db3ca428229C9KiBc3MTwLavxbH8q2vagetDwjY9HCVuqmdKOI5y+WrcYDZgL0uU0Pw6Ryd67M', '2022-07-31 09:09:11', '2022-07-31 09:19:11', '62dbc9c9511a4'),
('367c7bfb4886032722567ebf093cd7b21d2a1bce0d62103c4e99072cfbe7e103952f34ea497b3b71cc757e700ca4556bff7ff29e8237b0bae68b317ab86919725laNaaanYR9IulGfhAGyWB8FMcFPIlB5TClAG/yL26D3nlay+ePBJZ1Te7mr+zca', '2022-07-31 16:42:49', '2022-07-31 16:52:49', '62dbc9c9511a4'),
('388dff2627ad6c57595cd8a6ef8e78c7b35051b17fd791772f6717570f105af4e48fe8926a45ad5e797d6eb7365a7eced4d4582e9832d91b97cc373f27739ed5Rz8KTSZ50OOKWaWYh/3jwMeIVND2CEaiCqMnldYpbmzFrxoJm76ysc8oz/UF3vZW', '2022-07-30 23:51:13', '2022-07-31 00:01:13', '62dbc9c9511a4'),
('38c1d19665f9e792c7def6d1d201e1498b268862de7fa47a96b5ff7e8638bfe0f209434a1f1e908da4c40482014c41941e562efea572870de40656885cf9cf3aVGLN1TR2EJzYMAeCJFOVTw9UoxytH4TzMWwaY9Ah2spVwa/bCTAUUPeXwDn87zTl', '2022-07-31 00:40:29', '2022-07-31 00:50:29', '62dbc9c9511a4'),
('393579aff7ad61aaedb2e1558452a3fcb4b999d42d1c42cc386d6f61b839c6d6a30af28631168cb4273224566163394b28dd93c55b8c3d47604e9ba98dd563fcOSbvfSp44zBQueSDe39noTiXffBQc6Oyji4rq8kvrLC5rRKFU7hSYOdnVmqJR51H', '2022-08-02 19:53:51', '2022-08-02 20:03:51', '62dbc9c9511a4'),
('395c9f97ca88dd30b0d740f3318a5cddb263221eaea5cce452ef7eadc37f06ae680c33896683ec531380779c42128ff11b2bb786458ae62dc1e2dcbd72b55a89q5r/GqxNVLKrckHWFvVzs11AqKO+poh13xqtNJqsMNbH/XSSVIyIEZzzzDZCtU+f', '2022-07-30 23:39:50', '2022-07-30 23:49:50', '62dbc9c9511a4'),
('398cd7ea136b85f28e926d6385915bc702a14d5e548df5710c87ba30f5940582e5d29786f8b11877d1d2fb4cbdec24d4dc193ecd00e470291f81f0cff6d4a300RKpuZOWbPjBk7qyZCSDveiAK316UKJ8UjBHcQFmRVIay9BUp9k4amJWeKLlaLmTS', '2022-07-31 20:16:18', '2022-07-31 20:26:18', '62dbc9c9511a4'),
('39dd8b917773c2a317cd8ae1c5b087c19dceb637f23e0118948b418643f0d8639b82e9e6b0cc2d1009cf264a98a81d568ce9c6f33fcd185ba6f4919f3a2b04f2oUjCRT/0PRU8jBu+fefNvLg7AYn6NlvRhPiwHzct+zXU9LFezQ7OgTr6XGxN3ajq', '2022-08-03 19:23:49', '2022-08-03 19:33:49', '62dbc9c9511a4'),
('3ba46c58b530628a4e3e165013fe1a8ddf09fe24108f51e1f64f6e2c312cfde4df73d119f590048b4e35a8c16e83b65872bcbdf0c0f8933dc641944bd453835bd9CDgry8T3mXBpMHgbX7A6QeFUYPwJehRpBz5VoctOIDPbPimSDR/GwwRDknymbS', '2022-07-31 16:06:04', '2022-07-31 16:16:04', '62dbc9c9511a4'),
('3bd6c918d92df14e685551c28d5640ad4630a8d57f8653752e20c6a56c323f65d2a4879bfef593618eb770388cc71dba626be2b9a51a9b6ee7c984623c2618advp1+i/PfVlVu0ClhA3Bxd2TKORnxsTzAo7uJ9cpTiCiZnlGcFItcBaCbeGQjReSO', '2022-07-30 14:35:19', '2022-07-30 14:45:19', '62dbc9c9511a4'),
('3c3a549cca62b1020155d17dd84239922234cb97d8c9ce39cac650787566f2ea340f08520ac8ce510172bdd1c2e88181e283b4fa6e1c7b8ccbc5da0bdc179b2cmrAmXNh5QRB933cvV1d97g23FYusI040XaNPHA7IiQdyHguvwU/cLD2LsUnjqdWD', '2022-07-30 23:43:39', '2022-07-30 23:53:39', '62dbc9c9511a4'),
('3c86931f227114a736ec556258e9f1d5bee2a2dbbb842785cd52a585b509e501d1133a5b4507f37b188f4367bb88eea4e855c51ef76236bc6ebf634764df97ccoa8656TZcFCZhq4e65MczRubmhV/EHmPWlCOgv00Teoq4nZLH6Zv3BQtLg/86CKQ', '2022-07-31 13:57:14', '2022-07-31 14:07:14', '62dbc9c9511a4'),
('3d5ced3480f5c68d50e9597ab5eecbfa392f4fbdfe87fc8f0ff1a81bc021efab32bc2ec8e067abb0dafeeb4825df0fa9af6d7e3153d9ae0ca316286317323e60Qcqd43WmGeAfx9ODyCUWlZb1V0NwtLzR9x7kU3up4QszbtGZolv5I5oJ60l8ZVda', '2022-08-03 19:08:38', '2022-08-03 19:18:38', '62dbc9c9511a4'),
('3e3d52b2e1255dfc0810dd11679e0fb067c83cc16715eb2573e0a1c70fa74d4c81e15cc44de7962244d62d6ec678983614153bcc132b232bc3d59133f901e0afTOiCjbBwq4enoHr8ktXuU8tT3fgu4VBuGnvZ5IdBkLFvmuw8xQ66jbOU1safAjHe', '2022-07-31 16:52:55', '2022-07-31 17:02:55', '62dbc9c9511a4'),
('3f351193167024055bbfd3582b7a3626606a4afec2ff562ad91640d836d53109599113387300fdfaf5a4ba0cabf8441d963c0afa054ca74e2f1eadcfcc0bb0aaI3jES5bpvjM1ftgDxxc9Hlt34NHbQz5K1VKrzy9pRPjyqkUVlna+mSVhvTFWYAvX', '2022-07-31 09:57:40', '2022-07-31 10:07:40', '62dbc9c9511a4'),
('3f9825c5196aa4436d93504893149499567abd1facfa9a7fb3a920f56e09645a950431fb3260a1d891b69d2f6e7db738a74f6d00dc759d55ea5c94d56596b357jf19fQFLGxFFBhWvgChYZTXSagHI8KJ986IvhrGpgZdUFofuJW4Ti4lQt15kv/kt', '2022-07-31 14:46:24', '2022-07-31 14:56:24', '62dbc9c9511a4'),
('40abaa855ba92c4341b2e7fde4d3be7bb78edf5188df16f5be376cae45b40369e9ec8fcf5a80d6bcafb98eec7dbab3fa8923fbec8946142c7418b7a8ff92fa0bhr7wXHaAWc0oUFk8PAVJTEXazEqZpPzBaLAG/uQupFPsq1DQaHjXVht1aFGuDk88', '2022-07-31 19:18:06', '2022-07-31 19:28:06', '62dbc9c9511a4'),
('421c9a9855e045a1074ebeb58659b84c47593867083caba167299b3bacda6ce265e600a3fa2d7817869e0d158ddb65f64ec1313fae958a24708c0119c9bbf83bjYM7PpRBZ1mV4b4b5ziZn9JXAqmHfPDOw4hjZEdklIcqzL+jda31w6l0ncJCRYMC', '2022-08-03 23:50:37', '2022-08-04 00:48:04', '62dbc9c9511a4'),
('42a2c457cfba1a6386cd6a07ba28e6abb2bc1e3b66a2b48f259979239c961e8105cf86a8c9ffe7532e99988b17b58fa7e036fc1848caced4b522ed794c9ade8eb/JNVHwoeuucpdSaYRsJbENfjsGNQr+ivVeesgDE/rNgwSp8wJ96l7IW5una7wpq', '2022-07-31 20:01:41', '2022-07-31 20:11:41', '62dbc9c9511a4'),
('42a815efb12980ca7b157adf4ab609935f6f21b28f84709f2e67b54df1594c2f6de9657a134b450c07530e0957e45e739c1130514b55728bc3dee664bdd4dce2GNgzeIEjINj5Q2ZdzVPtDUuf8rk+5aijT5ATxyVdj9uu2t5ytp8T9NQpmU/YIS5R', '2022-07-31 22:40:15', '2022-07-31 22:50:15', '62dbc9c9511a4'),
('42f8c6a19353d69ce11147d42bd20823a596e9edcaf96e81a2dd69da971873d9c560dc5ba5537f15d87f2d6d99e5404cc2152e363e37caa1b8fc235baa650588x80g0btNA/Ehpc3uGr5qAv56QZi0nJ6G+JqDiLZTvqmuwQoue+DOyfad4tJqEKq3', '2022-07-31 09:14:59', '2022-07-31 09:24:59', '62dbc9c9511a4'),
('431c23197b275e4cbced00ca2a999098b09cfc160818a86302725beb2d0baae6785e01c09781bd932e9e4880557a548521ff6db1eaddcdb4c7614f4d5dc21716MLeRA4RQkVmcJ6xAlP2uBxxRa4jCZuOiM/DnVDY3N9QzUsIzJ6Cr+A6sBWO9bUFz', '2022-07-31 18:06:07', '2022-07-31 18:16:07', '62dbc9c9511a4'),
('43cbd9f3e7bd695ffab7c50c73b67bffdd220d9f67fe7b3bf02988d255d3e3ec84da8834f05d275010f9b17469026ace2dc83578f98a2f9d5c7dde5fd0f95137zf1xiXK9vGI2pTcd4XPDdmsgAi1a0nUyB+I5E0f3GfTNvI73QhHSGNB+ARv2Ogbf', '2022-07-31 19:37:06', '2022-07-31 19:47:06', '62dbe36f8f18a'),
('43ff8af1d59a98a32c432144055b6b7763f48fa1c979a01ccd057966add0cb715397ae6ce1a7cf83ab51dffd2f7ffa603b312700c5efdc75ce2028156a85c8f0+hIb8x14fOjbJ4kQPj1LdpObqaDuWtzEytGU9scf/V0Bt+m45Uv9gAvOghg5Iw5K', '2022-07-31 14:17:25', '2022-07-31 14:27:25', '62dbc9c9511a4'),
('4571869c3423313bc5c04b0e29592da056995d522cf6acee0e5025a39883c83621efa8cf79e0edcb9bc8b5cce0102645f59a4d9bd889ad6ba7e8d111255582ecR397jk5eL54k2guihcJtFx4ZKEdK0WggqO5iPG8KXR6WhDVwuuG0do1dd2xXtFPM', '2022-07-31 16:53:31', '2022-07-31 17:03:31', '62dbc9c9511a4'),
('464be8222b18ddc089f8f965e0ecdb9f1b00dcbefec5710f1d74d09ee924190a6dad7a1884bccad69e9d32ab6ea74e1a75ab320677bf45ab4dddef969d48ef79HL5OopujDBf4pxTtb7DIW8bRQqKCowL6H3KLK3XLnGfyJjPaDwgnmsZYlgCcLlTe', '2022-07-31 15:01:53', '2022-07-31 15:11:53', '62dbc9c9511a4'),
('493f22d1e8f5e7c4a7e1c02001f7a991e81d2a7a50a2df6608f6503421ad25bf842a26e9aecbc78d3d95adadf50642766fb957200cabd48906bed395c9c98da2xdfvICgi0c7MOwiQaNgDusrEgQrt18U90AduNVcjeMDFYvYb3WwlRRwk0bYSbuM9', '2022-07-31 16:03:13', '2022-07-31 16:13:13', '62dbc9c9511a4'),
('4967501bffa8c885ba507de421054a1155f0eaf85a537b70d8e8bf586a10875732dc57b719eec8873b0e4d881ec57282ecf860f457b46a7a25924bf1c54d824bqj1A9BTLsAateVOmhbjY6HmCRh9UHIYjiVIuXn0EPtIrs2Xlgryc8TiheximuXXt', '2022-07-31 14:59:49', '2022-07-31 15:09:49', '62dbc9c9511a4'),
('4a07dcc0a25757ee0998e4ce0c1c7ab59e4f4eeaeab6a72f0b3969ca947f8639eb74ae9551351535039f005b11786495613a02294fdba7431e6e5d0eb8eae43emhrV3mhoDGfr6fGl1g5x2zg0Ro2icYoAClru/TC+5FKiT9yF5wpg6cnD97lsn298', '2022-07-31 11:23:26', '2022-07-31 11:33:26', '62dbc9c9511a4'),
('4a9b2ea3f190d5d1a3d59f7622596c999d38745f311dd1eafe3201257495cbf89b3e452a359655de3631cee83715a84bc0f8d5fc5addd2fa2f9ac14205bbf2fdvx0PIMWPqDfoOicJuuDXaOuLboFHMgrpUTmFLIXy73YCBPOE8qLe8oN0rvIhGKGJ', '2022-07-31 19:22:37', '2022-07-31 19:32:37', '62dbc9c9511a4'),
('4cf79447fddee2424b2f230d96997a69c2c7c6e4f96631390ba4f660b451deb7560d2fa7992e615a160393912b3c8208b0b75b30afd39e10215d00937e4c80f32vkJEkjH4YaYHqiUv0fyun3AhHO/yluKuo2igJPFtKoGg5gYOpJ14epAHqcv3fg/', '2022-07-31 17:05:42', '2022-07-31 17:15:42', '62dbc9c9511a4'),
('4d0addf1f7ccbec0dc90622bc9798a80ddfd72097385f0095f05f3a425cbee047d2ec38e2285d0e0243e69488a3f68199c7af81f0fbefef9545db247a3476eb6W3ft/Y9DzL0yIbudlwMij8YRsWO6QRp9LeHu0zozxmC09cwgkxOFemOzMwfNR4Fu', '2022-07-31 19:52:13', '2022-07-31 20:02:13', '62dbc9c9511a4'),
('4f1a77d986f8a9265ffb96b5a1f975fbf831623e6e9bb97a13ee41223c1d4243d9e0187caa1d046d01bbe298a5e94b74b1e602982073c5c5732bfdbab1909419Qaas99oGvcIdlWtyPF8h2TJmjpJU2dgao7aJuC0oOaZTCtE4EVv3iStNmqHwFDru', '2022-07-30 23:23:33', '2022-07-30 23:33:33', '62dbc9c9511a4'),
('50578a562baf8f323ccbfc6c8af6c783a3c6462b5e1b3d38727bfc99bbc60f990c2ed249881fd01505e5a7bdf16fe41d1d18a1a67d1a3ebece66aa11b7a030e4WEm7u+FunPd2l6TQIEPxYF9a8vw2pI9NYCRmcs0xIBXWgdYblDd2NW10kjQog972', '2022-07-31 11:18:58', '2022-07-31 11:28:58', '62dbc9c9511a4'),
('510fc9d6b23aa6da6f417b9ffc72d33febb8911b8de61df8eeeb319958f349ee471222af36cf5cabb0bf93684e8e1fcb83a4c514f907c228ed671b43e3d69613SIsv4d2jAYbgvbojIOcIqpX4KYkpspwm7Ux/PZ/vKna/2nCAhH/U/BfRDYsB6gr8', '2022-07-31 22:56:53', '2022-07-31 23:06:53', '62dbc9c9511a4'),
('51ea0b0fe3f9215771695ccd5b6d189840da32c84497ef57b973771e3b73a6601b0a66119c1714fc81ad0dd56afc51f0e7cf204b8ef7ba7185bbd7cf592631fcdBbpHeZH/T9zNzzm/dASC5QQNK8j1s8pcM5wfZXd5cMyiyVgS8mIOjcfRQDILSF3', '2022-07-31 16:46:41', '2022-07-31 16:56:41', '62dbc9c9511a4'),
('528652e9f95d59efb168f2adc9ed34797e809e1152bb83787a954f2bf31fcc7309cdbe101ae0c9fd50ab07fb3e466df3046a58fd2bf73884c77985941787b630YCzuttnvafDPTEaGKpBjrojryHIUZplLFNPcDElTgf45buQ+ykAWLyZrIjYaD9+d', '2022-08-03 22:08:34', '2022-08-03 22:18:34', '62dbc9c9511a4'),
('53abb69abc3a962e04e0e6898adf0ffd583219b73014831041756e061c3005e8797b1035b4d6301c724e099d23dd547d2b4377e70e79f90b9ff95bcbb8a78d04RCAl+z4MAG0Q7Lhr0vh1g99+pYlSWdpbTmsxfRkQblevkkL+8NyjhAimIEWr6dbt', '2022-07-31 09:58:54', '2022-07-31 10:08:54', '62dbc9c9511a4'),
('54bbba0e0ebcf82652f05f11bdb6e641352243a32c6b0fee2e9b85cfa77194ddb501afdd8df0e5b8dafaf5a7f2288dcc43f2ffa0b22881669101daa4cfedd3f2GQ5aiCwhOgS2KVJgBXkYp2AHetbGxvSZffhVZ23Np+iCXVrIskVh2Dpq6+l/yuiu', '2022-07-31 11:23:50', '2022-07-31 11:33:50', '62dbc9c9511a4'),
('567f15c7d3ea666173585c86d58f26beab5068c769cd7070de672cc7c1e24b9c5212680135eae46d90fdd002fa7b106ba54cdb3238478cb7ff54373d14dce2326/7bozHhWTCSBFUqNZtciBMSf/a6duQyhqAWUdb0fwHxSnb4j38ublUXc75vGztx', '2022-07-31 13:33:32', '2022-07-31 13:43:32', '62dbc9c9511a4'),
('5696fd1809f59fbdde5c834237765c85bf8eb41b9d636d9714af004da7d8ae47c3913d34688bd8ff14c3a0c29d8b7242f5460edc68c0b58d9cad942ee1618244dSzliCxV5HWIZ5bNgsO7GgDC9EudNU44FmSvx6OAaZOpfSZJgGpvYxyjr31dNLEq', '2022-07-31 19:47:13', '2022-07-31 19:57:13', '62dbe36f8f18a'),
('56bdb39f57401d784026a3ab49008919b44051dd49c9869f30bd4f39a6239e476ff5235bcf148303f76671f998b9361ed5044afb434f72250ec8d51cd540ea0382SX612mROPXJnuy7SB36lS2LKQG3R8Opfife2nhU3sYNXaQoR6bNe/JnUVfpSJA', '2022-07-31 16:36:26', '2022-07-31 16:46:26', '62dbc9c9511a4'),
('58a0a6d50c3e409b037b37e5fb912b35976d6ed49bef0bad936781ef69ab872fa77513365253a2b994598e2e408d3c0f944691170723983754148f4ce01e48e0VrfxDT+V4kVyFYeJclZuj2d7uNdWdXeT5AdEYt/DuScVxJGEOA9NFrQ6qisukVo2', '2022-07-31 14:41:04', '2022-07-31 14:51:04', '62dbc9c9511a4'),
('595cbe72ed5be86de260e785f6257f47da888c6bf4e2ca67a797b1f898a2525dcc0b6276dfd01658e703830af806abad614117694306338118061713b00d6f37RGyjlkes8nPi2i7E3q2w2e1NvIq7uQAp4cyi89FuiApdDfjnd+EBEnW/7lwS8eg/', '2022-07-31 15:38:53', '2022-07-31 15:48:53', '62dbc9c9511a4'),
('5a45f3ee108dae291e43d728f44caf6fea1c7d78070060049f1f4fec9f6748004e757f97d784d4e103d6a59a3883b81e67f5e8051fd2a5a067cee120c05b5547etOxVQsii5hxaEZwsuh1ZuXVCVa8KPETLXRSj7G+zPaibhMQVehMRYjX6FISKlnn', '2022-07-31 00:55:24', '2022-07-31 01:05:24', '62dbc9c9511a4'),
('5b7bb436d669d1a84640e383700ba09b098fba862d6fffeda2caa0b81700f2803f3d1e33574dc62daf1b76d435becefec0ed0f6f5c1746fec4f4df3b13389d79cV0dSX/NOCGTGFynPR8+g/uKdnEfbD5mcaXshbkTtF2qiFtEAO7rp1+7USmiact6', '2022-07-31 19:53:09', '2022-07-31 20:03:09', '62dbe36f8f18a'),
('5b9047dac293dc8f3b80a8125a9791dc939a2c87ee6e1045182ec830c44e6db7dd2dbf6572a97abf5bd17e15f374e01842d8b9247860a9a7c3044681fc546c3b1Vi7YUpv0J4ZIsmwkSMGzJ0YUDRxe7fO0dmjZpaBY084RVRFxTYj9OojuudaH/3A', '2022-07-31 16:03:52', '2022-07-31 16:13:52', '62dbc9c9511a4'),
('5bd2321a637c4274feae97e5850f6cd4aeed0e35d27a94558d07727a8099c7e70ca0cda5dcf3bf39a5b0ebd64be7031504292259f4e91ad7cc2ce12130b010faKnjpUdrzV5aahN1wSO4kobym/4MqxoEv+YhJbZ0EL47T42/5CoxkKFnI7KoZRNI0', '2022-07-31 13:41:05', '2022-07-31 13:51:05', '62dbc9c9511a4'),
('5c3163f9dbd789914bd2da0ef55e01c056fbf6b7981da9fef706e9c13f1fc1cd9ab805eff9bc8c0e59acd1f8a7045e9b986149d23a3035b6eca2d9f57e0cf083VMzEnVZVIs1NQhsFMzi8fMiL+CINDaKMu/K7VryQEdLOln+m8fSc4PxoYRJfLedt', '2022-07-31 19:35:24', '2022-07-31 19:45:24', '62dbc9c9511a4'),
('5ce1c47ba36a56a8cf30fbbad39397224503fc5adcc391ab2ea5b9355f7325f7a8b6693606cd665aa6a52fba6d210a4bb4385eea64ffc7cce1a76d4bf8da7d4680wZn12JcVU8OdYI+AwSTow4AGM+q1iQNia73FTQxeCW6q6nqE1ZF8sDvJemhAbj', '2022-07-30 19:55:18', '2022-07-30 20:05:18', '62dbc9c9511a4'),
('5e0379c17a8b6e6a9b7fb3593372a9ed2fb8af62aea5fa8dd97b3724b58587182406e370ed963f356f265b6e248b9be81b82e70d23d921248c6aa613bae0b174JOtS67uhNzxX/NpfJsgajDFDoTgWv21L4xTLJbp+R4mG/3/wlJ0uYxufNgPUM/kw', '2022-07-31 16:06:37', '2022-07-31 16:16:37', '62dbc9c9511a4'),
('5ee5188cfb5a952d71ad97a024594e1a45557545e1905cd40e4b78ba310690cbe9e7485f4e0688cd237507e15754f4eddcefcbaf3ffe0cf745862ad28040dfd1FKTZCe1ycYmLjayqhDVgpWUKTsXoCUtOvVbBSV/5mR5uoT0v8Oa5nTFH5m66JgTJ', '2022-07-31 19:39:18', '2022-07-31 19:49:18', '62dbe36f8f18a'),
('604d2f5008726e83236742335deec51bc2b1856d0caeaa2c09f1a6d53e2a945e841f8ff6ebc457506bdfd074a378af7548a18cae8f240c19a58b86b57102a1e3z6AynCGW+CQIPgAq2NKW/eWcPxrm/Scj+XzMKOHs5qm6MzBjU+s17bcrEcjC3bqu', '2022-07-31 15:51:14', '2022-07-31 16:01:14', '62dbc9c9511a4'),
('60b6f260cfe9369d54b1668b474db52df3f30df4ceeb467cbd905ae3e167cdb17c247e09d72f55360523cffacf5e8ec711386b2ef4fb63ce0b2914d29b08b353IXgHnXvZ6NrxW4yfRSfR3x/Z8KqiWJEwm4HtCypxvYlBnidBE7CdLOLRUTDDmva9', '2022-08-03 19:07:35', '2022-08-03 19:17:35', '62dbc9c9511a4'),
('60cb55c21ecfcde76a28c609b34170435d53057bc00628ab01f67d41d7df7bb297b8675e2c3297eba42b82b9b41ba6655aea70b5058343d735ea3e66913e74cdwch5XmXWOIA2i10uy1mvDW/2C0O8lnPHgoZBgM3UWFa2OJD+6FnLHvahoY5Y7TRZ', '2022-07-31 15:08:17', '2022-07-31 15:18:17', '62dbc9c9511a4'),
('614adad4a8f919981ee94a33d36ac0e5be103a25a5ca11de698c1f53a0dc1eeffff87ce9c6ed42ebbd44eb9004f606ec393411c204f54ce1020a35dafc39ac56bIDvz6HDLw3vBf/kOFyge2STQvorfdvbSBSv0DM+WdVtQIF3BgLIq3XbAIn3O56x', '2022-07-31 10:30:39', '2022-07-31 10:40:39', '62dbc9c9511a4'),
('6204418e43668e51e2532b0ab1b93b0e2c416af150c7ea5f609cc33abccb8c0a050242bdbc40b7b49e9993854d60f8c74e3337fc86433fdb0670b18cc290f54fGf6ooaeFEigQRlRlOV7kPfnmv3LIMfE++g+CgL/5O+NBnpgW5rdTqj/BFUUVedUu', '2022-07-31 19:51:40', '2022-07-31 20:01:40', '62dbe36f8f18a'),
('625a180f9a9f3a86b8826b7573506a8cb8afb2577d7a839be827a5197abd6da21c3f3e03b9438eaca664c00ae8d5ff76b73f576c4b54366a938218e6f2986494mER7HiRzRCcqbCiv9aJtO9y/538/4OhJ38gmhYedEJDGpOsC0VxlPx0bZXCAfw7+', '2022-07-31 19:17:02', '2022-07-31 19:27:02', '62dbc9c9511a4'),
('63a69c21b1a825d3cc1ef588d99096723e21c3957c47b8acbc5480fff279159043bd462a133e144368baefe0c726d11a4256d4bb5dd3ddb6843aebfd4b0575afILy2CTJnoms/BVRckvv2uH+BbaV8ueTejis2mX6pfStBhSh3gXv3yoc5Frn7T5ad', '2022-07-31 10:07:59', '2022-07-31 10:17:59', '62dbc9c9511a4'),
('64258e5df535f27071f848edd1e92c1bf2d232f506047f010edf1463f333f0e9c7a748d229f74ef58cb0cd933e244f947aff09ad5f1cd76e699ec3e063b871abSq5V0EeyYmCQAQBgrO6iuMNv91KZzLYeo/AlrGKWJnpIUdGClcIGbxrrFw+f4gw5', '2022-07-30 23:19:04', '2022-07-30 23:29:04', '62dbc9c9511a4'),
('656333acfdb16bd6194c3882f1ccce90a8569c6d9f0fa3cc2c310a2acb0b78b5b7cd9e4d1fab4cf88b60bcfc0541ca0ed4c45a02cd485cc0d26f5416056d8afbDIRz+knngQ4Rg/K0g8fVXU9sUZG7u8+OcIozo4ZDzkIMIJbAVYNQm9EJhWPNA44R', '2022-07-31 15:06:07', '2022-07-31 15:16:07', '62dbc9c9511a4'),
('6675bf7c7679f81afb37c4735ca14aece1b3d5b5bff16643b813f613860f8922c0392936c62d2fea3bade8214052fb7fad403a5540156f60bbcda84d083e564b6ak2t8us7ZpvfD/xPWvvnNs7CC4JauIVn1yvq4wS+8J4HkEAB0+0DzelyiZ5psNn', '2022-07-31 13:36:33', '2022-07-31 13:46:33', '62dbc9c9511a4'),
('66ad26867c4255f82cf47d9bf5cf51350d56baccfc0cd9dd14afca1a0ffc3b94069d6caca68769b0fd3986b36364aee6293106d1cbbf2361059b8a5b08a14dc3QMjpRlJUqFQtcaEuc7UBMcWK3w/PFiSdQGPfzcLP0NJbJqHSx+pmC7hh+WBlBw23', '2022-07-31 19:17:57', '2022-07-31 19:27:57', '62dbc9c9511a4'),
('67087910df4604936623501a30214b40c428f0b3af114dee92f04cceec452eee8e21af4d597715c7a6c319ea88a994d170654a5e025cf83a73042b2b03cd8669ZDCI6zZWaEuSTA6x3jSSyhoobZYy9WOWSzjmUWCjvzBAhvY5atRNHgNXa+Ro0g7i', '2022-07-31 17:11:41', '2022-07-31 17:21:41', '62dbc9c9511a4'),
('686e71b17cd601ec2fc6bbd812de285e73f955995c605b48a82c56b090639cef60788448b2acc63a602675d132467b1a555dec0795d581c414a18b361c06a7f1KD/nTVpKmDZ4C05DcFJHpZR57MtH0NaGLoRhuIjaUHPoflV0dEvnf+9V1JX+NqXy', '2022-07-31 19:10:17', '2022-07-31 19:20:17', '62dbc9c9511a4'),
('68b2e21250e3d2de3356fb2fce89f43d27197d3f74725c62f340ad85c47e33d05d223a3d85c758e8bc747409b5972649dad45e17099efbaa549dd0856ab1f500kiZAI+JX7u2GC/lMD4VFoyyXOkszlcVlDoPjALVwQzHBeyvpZEwMVAbgwhs/z8zQ', '2022-07-31 10:07:39', '2022-07-31 10:17:39', '62dbc9c9511a4'),
('69006cc196417804c721a1a540d7d8d53a081352044edb724f307e1d61ca197c9236a7c663839ac4c6ccb45dae3666351a1b3eac8646400efe6edb9c250e26a4ZiKJ2B9xGJktEzQKv1/oUmKv6rzuk7UOP/qo4Tw1lN2a9CR9EfA3KDgS/2czKnfe', '2022-07-31 14:19:14', '2022-07-31 14:29:14', '62dbc9c9511a4'),
('69e2f6197ef44588e7faa73a6d2c712553e28eb2848711107b20b01eee313186458ba107f771e598bda0054929777fcebc159612e75ed104f7a0ca3807eddcd2ZKUcWtuBLViYPdKI0F6fUSqAgZMRd9RsuIwpze6eJgyl9ZFgfhaVCEIHjXU8rTAY', '2022-07-31 15:18:19', '2022-07-31 15:28:19', '62dbc9c9511a4'),
('6a03b12dd537af54fa1e52ce40f4a0959ab32848235d2142f7016baebdf041989b852d83119a98f4658a35aae718010003295630e28a2ed5aa776fa8ab3ae91c/qMU//nd/FzeiITCORXlNORD68ISeJA8x4DRErZhm0TTy/+3lXzIOpIjqEruheYA', '2022-07-31 10:01:22', '2022-07-31 10:11:22', '62dbc9c9511a4'),
('6c35a57610a3e3815519cb475aee9a532a8662ac1618e8281465f80df1a5b123a957191a561c6417409f38a97d88ed97358a39371b9866091b6b19e4021cfe9erELDWmeniUkFj6kPDtiMSDGeIrqQo6FtjlLoGSokFL1t72x8Hai60aFIHv+qbuPk', '2022-07-31 20:00:22', '2022-07-31 20:10:22', '62dbc9c9511a4'),
('6d6a744cede020c342b59e1683ba567a311a5375722e686cf0c33b38c6cea6dc8410910bac1d3b9cd344c30e2c7d8cb32cdfc41a0421f2fcebc920f39eb50ae2sFNHJkrVoRzgwfIH6GmqSe5wpio+jPAih7CvrVrPoJSvKTr/xF20sG3ZnGrq1qvX', '2022-07-31 17:03:26', '2022-07-31 17:13:26', '62dbc9c9511a4'),
('70655f9b74fe28843aa68947bb87283b9025d7f959dde18c70541d391817ff31e84ad9f0a22a9c289029ef2ad34a5acca3b840b4b9630a4acb68bdd65bb8dac27GF9gVpug5zScGFAF68y7vMUFV7O7IHmgkDyhhacllvcYo10R3EvFWZmswh9+voN', '2022-07-31 15:25:42', '2022-07-31 15:35:42', '62dbc9c9511a4'),
('71d549f843ee7770073baaf1f3752654119a71622472f02add3be580f5404bf8b4b6ad7a0833a377dae17eaec45bc6a84903526dd0ee09c5a89dc4490dd27965adYnzkakWidoAZXzr/fu2oE9FQYI3MzasxF5l27albyVzy5F1yvDl/3zS/ZCiqCl', '2022-07-31 14:45:46', '2022-07-31 14:55:46', '62dbc9c9511a4'),
('727fd42eb89956eb8d48e5f70ba8f22a9012254a5be63e83fb28cdf1096533ecd8b9715147de43d1f75a0d1bf92f70be6933fe6d4ecb6941f2a44b456ae4a8c2oPnA8l1N6jebrBVOmDQHNpQi0FO1QAvMbiPHXN3+7aCi3i4rgcVIoQ2IFxyPmUG7', '2022-07-31 14:42:56', '2022-07-31 14:52:56', '62dbc9c9511a4'),
('75b9eb2281e65e8c770f479bbb0949b588125c7460abbe21303ce3e7dceb369b63871e1616046e190794979a923d1109e671ca9fe1a56c9d2606688faf30d3b1WBI3c3+1i26+u802VgeNJzETl+kA/ctBGRmiCs/m/reLsj/v4xTNCYvulajzoi/D', '2022-07-31 20:13:08', '2022-07-31 20:23:08', '62dbc9c9511a4'),
('762e2d366f9e9f86584c1a040b0af8fc0215f304f6a95f1effeb5af0969c0e7942189231ca69320828f1088d8a4ad1abe74b827dda82e21c3bde5c9dfa1d716fVB706kjHRwFCIgXvtVJHlMoGcDMJyRj6ixmxaUME4RuLwnrHxFTVV44aPH6MEfVk', '2022-07-30 23:41:33', '2022-07-30 23:51:33', '62dbc9c9511a4'),
('76b22aabfede507e4d7c0b4a6cc36b62ddd206a329dc436818c9cb9b59f1c4cd828f5f5b74d9be6612ea77edbb413a0f1aaa3af4eea68e8269de23d93a199e4397PmvOkHY5uG39ij9EvNALrquDpiuWj2+GlRcBf1snxvFVKD7TKc3+PQPqQQjYZT', '2022-07-31 19:36:12', '2022-07-31 19:46:12', '62dbc9c9511a4'),
('79380ef7c8aa6dcbe427bc9a42ff2e5060bc0a55fd9189a7644c689b01e4588852c858a5d4deb56a005fa49352981cfd058dc202d49c3b3d15067282e4aa93147rlwP58kZdG7V+0tFOiohsbqakNUkYATfXeo2PH1WqYAr88dMzsT0xcs2YgsIup9', '2022-08-02 20:06:50', '2022-08-02 20:16:50', '62dbe36f8f18a'),
('797893bd68f87dfe7604312ef04ac04356935ad01cf2c61bbe5b7d6d8b2c3020cf1cb1d9f269434e53bbed9fd7fb64bdac60f94793729e37422eafde7ae56ed3N5CFYkEUvxosKju06o2loSn86COsckmXwfLEpdXa5oR65M8gR+HB3H0GAp0gOdAk', '2022-07-31 11:15:28', '2022-07-31 11:25:28', '62dbc9c9511a4'),
('7a3bc980c66cb3914640dbc729e68a09241a6f0d2161490655dc14d0a276465534c1b47d129f67f0979e822d20c92d29cbeb1f4c77ae5b6578393fb0e7c2cd9apCbLH7Mro8vEp+ULcGMkh32IIB1PNq1Sp3jprq56uzPDJJM9Ey3oX3+GQSPQ6mjv', '2022-07-31 10:01:30', '2022-07-31 10:11:30', '62dbc9c9511a4'),
('7c1e934c89fa44013aaec1cc513242ada211bd6ec229e25adb7d9fc245323e861ed11e4c0faad8571ec6ea650909b5db01ec4006879ac68826031af2db91351e2dbhfDtAzPiCmLu/TVHMkTffOaXpjjAzVX6FrJ4Lv/2+KjhfitfAAB5pHGXaWpAl', '2022-07-31 13:30:06', '2022-07-31 13:40:06', '62dbc9c9511a4'),
('7d696138779935ec5fb98f9ccf243d8573acc5665d060b2af4555a19d1d4d9b3a106b2dcbab7969a53d07fbb64841f4ea8a4fe99be5ff7208eddf798791501ccKeQMNyuDSwDKCSEKFzuSE8uyjiNtTVjK6lqg6JnSGeUy2ILkc8NIhzLzWnwOrAmD', '2022-07-31 17:59:23', '2022-07-31 18:09:23', '62dbc9c9511a4'),
('7de8a31561d5ec9ddc694e5885228e2762ebce88987ef77fc620a5dc1cad5bdb5687d6ebe72cbe98e6b1f4d9dffcb17be495faef5b6911ba62fffce35cc10c7cjOEPluFEmHKKIE2a9MrhIXzuBG4vNMo58leVb0vpVD2ToDWO9Fi4iuYK8ptLW84i', '2022-08-03 19:36:31', '2022-08-03 19:46:31', '62dbc9c9511a4'),
('7e3f7050cb5871fb577ecc2eb76987b9c53d4372c13e7b50d1bf4814595fef2c0db56ceeeb2fa3d644a2c373a70f48a4c0c58a18b1ca5bcead47d5abdd0a7953lozf/Zrr/RwTMySHt6UPy0sFHbguEl6myvd7nKvVzZiQVQblESwdrPDbYd8Y9S7c', '2022-07-31 01:27:03', '2022-07-31 01:37:03', '62dbc9c9511a4'),
('7e6d474e45185d628bfce90587ac200bb52bef9c778ed1f4af81d21c436edac4cbee3bfc37aa1bdf3c9b3c746b1e8df49767bc56a55de28c7c1f1e2f6ed44295kH33lHG9f+bx9OIVyXeX+oHBd4wJCyfhOgILXDnsPVkcTHDFsDpUTG1xaEAS/KRa', '2022-07-31 19:16:02', '2022-07-31 19:26:02', '62dbc9c9511a4'),
('7fa30936110f634bf1b4e862c0d452961f6e59c5071e10e1dde7cf241246ad5b3b629997ecce342478387fe8da15ecc58134651c839d75cb43b85560db5c142fd2ZvIuSSoENJ+mSIeVDTh7low8Oy25RueQyUPrdQQZijmNNoiBUOzARZojTR8GeP', '2022-07-31 09:59:38', '2022-07-31 10:09:38', '62dbc9c9511a4'),
('80498306052c1aef61b7675beb05697d358092aafc4c0aec09943341139bb53e57b4199ade866a99c3cd893343dcbee6e579b830c2f881b30500a477098ed606+w9nOSY8se20emi9b4vyy1apm5tkDKsOsbXIF0Pya0/h0kZfpOfMYGaVJ0EM0qtO', '2022-07-31 14:42:21', '2022-07-31 14:52:21', '62dbc9c9511a4'),
('80b49b34e4f2f874bedb452d73a740a5c17d6a9592de50f702e30472d2fc2598edc6ec1eee4c34b114d59306c1927b4229e4959963f626c583e9a82346ca0ba99lQ+2GZj2yfWDKX89vRkxiAcnvzx9o+zgAifDIusLtzHZH6e7oq//to8v/jgkiDs', '2022-07-31 16:02:47', '2022-07-31 16:12:47', '62dbc9c9511a4'),
('8142d1f5814233e758e655d53cc509efd02179e2b805d1655f4f8c6a75dfe950b05205b36c71350c2f92299dbbacbb66b1973bcd33567d6eaa1211bd887e3449H5Jj/p9qyIYEn/qsCqytO3kY7RLumurLjner4z1GweM9BFio1YjQF1WyHJ/HXgrm', '2022-07-31 16:49:15', '2022-07-31 16:59:15', '62dbc9c9511a4'),
('85b6857931845cab4bc7961962408c2095b3347716d3c238fc5d0dc01d1ffbed8a49cfd535e388fc445bbbae65fba35b20597fdf1f12660a0061586f22159454I03B75B0X3ePRA3Z6L2INVGzABgXSVUXat/xs3JBicSrJoYVlivQTTO9rudpNvL8', '2022-07-31 01:02:26', '2022-07-31 01:12:26', '62dbc9c9511a4'),
('884955dc8db14176f2de67aba60183627d91b3f2dffe001763494d46be7b147efe70435e53ca839dfd63933aeebfa036a4e681e28b86c4f474d970884ae98656D41M6ZRuGddO6GbtD6eQHmSGDze//nCmHqc4lIUrCjxqy29sOaMngpUicDn2q+pF', '2022-07-31 15:53:24', '2022-07-31 16:03:24', '62dbc9c9511a4'),
('8862fef7653a9925b4dbf4d66c86218abea373052f195512e2cd792d74b8056d5a9123ccd2b03d1d5906a35c33d184b61f804030d3b9d10454e75842faed5dc4dmENH7EfGKaUUVWHw1Gazy6caZnjULrK6KFKtbDITBL9TAhfAtqwMW0u4uXvX6PS', '2022-07-31 19:17:32', '2022-07-31 19:27:32', '62dbc9c9511a4'),
('88765d6b58aec5791ebd3270bc9c30ab7e2b634d34b40102d13e60f0d41b783b542194f1ad1283b57887a472571a62581545924578813ac40913d927918f15af0APTTKdxWk4On6dOJeTpCqsx0YQanpB7f4Y86Jzl+fhaoYB3IOtn+cAIUGRDnjhS', '2022-08-03 19:10:55', '2022-08-03 19:20:55', '62dbc9c9511a4'),
('8a5d9dd114b7bca0aab6e863f8938e93fc81b5652d852a7c024622aa82e0b1b3d3ca2d0f35f2afd15072185d8e996298fddd70aca5351f66b8c71f66493b814962j5xSabf7YAA6M/DQ42M8tcDA+ky/U2qy9IJEzxzX6vAsto7Hm23mzKGsnTlBCm', '2022-08-03 19:31:16', '2022-08-03 19:41:16', '62dbc9c9511a4'),
('8aa64e499820e31f4eb765c3a6817018139d7df06a2a2014f446f237dd7dee23384e78223148194d642930db7d049cf347d8080a6c5b1ce7431b8d740529f1beMFDYCR4WWc7imQixQEJ7wF34UKgrfqmgkQw7hf8p8Ms1UgkPYOEkXeRcjyPS3RFo', '2022-07-31 15:33:00', '2022-07-31 15:43:00', '62dbc9c9511a4'),
('8b373c7850050949ee36a3cabde11bd61b7c138684573c61425101714b477d53e6421b81f97d12e0fa031b4ac7129f8ac700922e9ec74f6553f3aa63c51e0493asG+0b5L5P639bEhSd8qd52CIhR59FBS5Ag5ByHj0XlGIzQq8U3HdA6O+eocrnf8', '2022-07-31 17:20:10', '2022-07-31 17:30:10', '62dbc9c9511a4'),
('8b4d46a8d7f9eba423d989a4133d2b562f7e61caec5a20bc196b2248618e14e3df987b7e4fadf5293fb72487cc1b9cb82d6e391205709af1c09a97942a4211ceeGq3iHdj4y+3nnQjSg3kCPCE+Iui156ih/a3+Zc741PrFimEIOodCCQcg65x2BLf', '2022-07-31 15:31:16', '2022-07-31 15:41:16', '62dbc9c9511a4'),
('8c4d588807e5ef8875e35af0f3f965666455b5b7a6b3f21e938749cdaecda0a91af0559207038f6364d6c37b56c0e0946b301d2d893f83897934af422ab260153353IghS3NayWeVRfCAim1/1HstJ1CL98zb4IytgTN5UBkE2p7X4FawYMuuHv6wJ', '2022-08-02 21:29:43', '2022-08-02 21:39:43', '62dbc9c9511a4'),
('8c68a6e0cd324820de160a2eebdde22bf46c41b485d3aa21613f6ee57bce6f9f233a91d022e3144dd6294a61e5c81a1873f9974e26fe29e01c2eeeacc28e498bMVvtmNi42Sv4G4zcBHXMPGmDCRjRLMYsa2/cihJ9t5BwUnyT96g8MkgpaS/wSmf5', '2022-07-31 19:47:03', '2022-07-31 19:57:03', '62dbc9c9511a4'),
('8cb4866a5b6138f0e3560638a34408000fe26fb69b72f6eb94f8b9a2c25b9cb975d45d339d35171cbbb91ad7cc93d05af53d513a3734291ccef4cc48a6cf08504HXxnbnVBqhz9qXVBnPinqFR1Zcin5vNpKLFrSVM2YOVPgc0CVQjI2uobe4TUMH7', '2022-07-31 19:34:33', '2022-07-31 19:44:33', '62dbc9c9511a4'),
('8d3db4c1930e41d46fa54f3364408a47f4c8fc24f490b80ed3abcb93986784dc4787eb10f0a029e174f81c19ba699f7b0e89c6f5de8413cf3e70198fc43b953aWURMusw+1y+P8KyB7992clgOl2egK0oBUYyMr+aRJPun2g9u5IOvkJeo44D3d8zH', '2022-07-31 15:32:16', '2022-07-31 15:42:16', '62dbc9c9511a4'),
('8dad4a54e99774693a70ec2e274ed9569adb5f2285e87eb43b53ef975b726f0909658e42d1aff0b16e0d2483882f6e06b8a24cc6d135d3e25e3a5b53a08aef1bu5cIHp66XHPBHOsBhz0iaIBmxot7Vnxnxkhv5W9zPglzPhuVHKlsNE8tveQhiwBD', '2022-07-31 16:40:33', '2022-07-31 16:50:33', '62dbc9c9511a4'),
('8e007b9e1533468ec7af7a82f01d57d5d0af0412c2a6fcf99597695a3332d335a1e3757f21acf4e19efea8b8cff0a0511f3f7fcdb9ad19d4136a02d86d8ba3c0fBmPN48REr04FSuqTtKteqIGnP3QJXVeorrW37bomeHXkTLURGiY/JEFiX9j8Ip/', '2022-07-31 16:49:47', '2022-07-31 16:59:47', '62dbc9c9511a4'),
('8e49b3fa72bd53ca692f6e3821c63dc9f378326f0cdd8a115dc3fb9a21816a7df3741d69e13999942098b7e422a86842d2f8e74eb702ddc0d6a9fd2779a8e2edc184Q5uHWkwkeY8nKMTQaM4+8jJY+SpK3y46Xv1EjjLBNal8vZZZU9QVOfe9sMF1', '2022-07-31 00:17:15', '2022-07-31 00:27:15', '62dbc9c9511a4'),
('8ee4f96a52d3cd5ac5b0d4da6b0151e52a203521f44e53e9a55a2bbd4f7d067d5a53cf079aebd5332c08cf238341643b4f889b699a710d369f143aaca74e6631ELtmE2tsR3FDcTOItaE24SWhZnXvqoH68WTbUcaaz+H5F8fsg/GLcZscDncB10Qh', '2022-07-30 23:18:03', '2022-07-30 23:28:03', '62dbc9c9511a4'),
('8f0e4503c878dbd08b4aea18d1fe755b0140296a2ac89c472cec36522a853bcfe4d57287e76226808fbabeaea852e238559bc0e58c051327af9ea75d833b3a2aqWiIsbnaFeA6C5BE8sH2TGubxZVNnZI3EI4JBzOv6KhYxyo6ZAw6ejqWkQlK2Tqw', '2022-07-31 16:39:06', '2022-07-31 16:49:06', '62dbc9c9511a4'),
('910bad88c1c9f52dd4d328425dda955b56949cf002518d073be24b4d1b04f44182a757a13e0e6b9ce075f16b1c4933217268057fad7ecead9896e090c7eeacd8LMRGtpB2By2Uf0Nijsf3teFvjsSPY1NMAkoSA6vkzfR5gXbeuQpwlxG/X9FBiI1E', '2022-07-31 10:02:18', '2022-07-31 10:12:18', '62dbc9c9511a4'),
('92cc1026feba9278b1e32160852e00698f7dd12998ebb373ea01c04555f9abd96bd5256ba48e36f5cc1b10a3aaf89966dcd1f16687d05b1f0de91dfaafa583afnJJw2kwiizNQ73m+3SOrZ6Mherozh79eI/si9oW1w23RXQ5sQnNGG95v/pFRXODw', '2022-07-30 23:50:53', '2022-07-31 00:00:53', '62dbc9c9511a4'),
('9406383e8b0d4afa5bc4b9162f04b9e84846874f70a53e5654dfd410da4bdeadc0f8011b9442349f79dddc0c32a1ce35699f40fac20726445a4ceb6cfc91fb9060q6zbryIZ+d76Lax67a7GFtvrwmlcrcY7H1Y8zo3vI4mW7IS7nmNRYUAWZWCZmd', '2022-07-31 11:17:41', '2022-07-31 11:27:41', '62dbc9c9511a4'),
('96da66ce77cbffa0f27c275d1c0736ce18d12618999cad22dd3e9544e6ccc2063a7e40d6a0ed9675f06a2362e9cc6376316bbb6820514692164649a05d703424ZwfNJjH9Dfqy8cGxg7T+fmbqGxYnu+m4rEK1Q4oINGbSRnDLd+9fA+gHocCfvutx', '2022-07-31 11:21:00', '2022-07-31 11:31:00', '62dbc9c9511a4'),
('97cd5d9c6357a5440134e23d952534fb39245a3e8393e873f2b4e7f638dceb24e398386ca01d5ca9df6daeb850ebdfde4a8096c2c36839722790dbb662cc1d6b0L1JlKEndjLRuc5Zwt36gCZJhwLCcwRLqM7n20eiq0i5CvpCUrOrrvDnjSxi0fgH', '2022-07-31 14:59:30', '2022-07-31 15:09:30', '62dbc9c9511a4'),
('97e9aa58a7fc478e5f69161fed7fae197b580d94ae88667e1db29d24b9f09c73e99804f30c1b765ae774e36a2e17e6a7d6b6a0f8e5cdc32442f8d3231982e84dBSqRBn2Hyyro18OjDXPbm7GuwOYOrOvqoluiwo/n4nCGx1dZ6vnsPLyjeEIDH6JD', '2022-07-31 00:54:40', '2022-07-31 01:04:40', '62dbc9c9511a4'),
('987492d7070dafe1652304680b80ac9b98e07ce0c81c3beef468c96494156c59be081835ad499c2437f79827fc4a406a2a48514879dbd508a4cec8699a015373YZQBYgImh5jNkZ9oobeSQujpl9MhOipFWwJ7Lr1GzWgDfKlTo1aPB563lDBQKUTT', '2022-07-31 17:42:04', '2022-07-31 17:52:04', '62dbc9c9511a4'),
('98e121026e503a3cd29a45b840a451883d983eb1a37ad1903d73d8ddecf0219e3159765aeb81b801873b70734ae3396730a082315f03f97e4dc9dd1c0978ef36kKhU9BuFsv+d9kanBTM0fh8rHwSs18zDXRrqUjAUqOHGmXh1UZ7jvIs1VK/YQC6Y', '2022-07-31 09:14:22', '2022-07-31 09:24:22', '62dbc9c9511a4'),
('99919e0017687d5367a4bc7cfea93f0ead5e038e16054d636fce2b124b87e9ebe531b0f3248abcccb926d90f0ccfc48e3ab20b70b17f3923e75767e84c43b7c8/SbOf2ILj0Wq5oK2O0QCrHz7B2u/jqbKeQOi7EjnVCYJ0f39kSimtEDtL0SzQIiV', '2022-07-30 23:21:35', '2022-07-30 23:31:35', '62dbc9c9511a4'),
('9ad52b42cf1466445693bfbd737bb516205d484603ddce7ac1b382605e9d25514f628fc6be35ca4b21a985fff09a9f847491a399717260588711b01559e88ae04FnDeasKrRBv+oL26gmz5D7rmrYzCDCtg8uV6Kv08jxRdxSwZTPnIJLg6aej5iVu', '2022-07-31 02:36:17', '2022-07-31 02:46:17', '62dbc9c9511a4'),
('9c88abd1cbb570cc066f429199bfa3cfd091d148b97d5c0eff7e569cf629bd5464d115c49acf5b6a55aec0cafbd932e04bf6fd6b3ea835dc38b4daf92ddf9a74OEGhoygSZ3Ls5MC6JyRZ+3KuiUX5waMv7YyHaNufzRtAn4kL1B/UN9g26M/nqSZe', '2022-08-02 20:09:27', '2022-08-02 20:19:27', '62dbc9c9511a4'),
('9ca31460a726478bb6f87270393c290d702b8b8a0ddc8975d555af8e3c5c74e50338eb38033fa1b0e5364a4fadc2ef6f67fb6e204a2b6e8107ac2b78d3475d13klHhxpGD9Jrs8XGueQnY+1TFBIoS6/ipDglywWTBROXY1VZ6/2yjPhVSCMmM9r33', '2022-07-31 19:33:49', '2022-07-31 19:43:49', '62dbc9c9511a4'),
('a030e640951652614ea37d03363a885115c3e6da8091243cabc53048146c218fc3c7c4b4e6eb6eefc11c54cdf2b0aadd71a7952c7d1c6ca8826152cbaa8b335fKytx5SEJ6wowXUTeuy+goOaRRdOmoEYcnzYmguUglljxQKJqLKSenDI9TBT38Lie', '2022-07-31 11:24:11', '2022-07-31 11:34:11', '62dbc9c9511a4'),
('a0aedb64de7df65bf92061ac370e04f84cfa8ac6c0fb5789a2abb5cd18b74035080206d5c18d476d9fd5ba3c8b1944a8a7773a55eee36cb1b134b4f90abf85b8vgxFBtYjEsgANDyo7coF4kiVCK4B8fDEnNxd9yC3qnvjYPOSuTxzY8OWHdYX7Xhk', '2022-07-31 10:08:49', '2022-07-31 10:18:49', '62dbc9c9511a4'),
('a1767c45a994b34ff93167557d2ab6f11e14c900a9767ffdd6a0b88bca577a6ff72105f4358be75354e5841c8f2ded3707b4b2b7c523faea58eedf8f1ed948c22tKg7Ei21XIBUqMk9XvIMM5WlBMS0to+RlEf/VckyYcPAbdjeo31zZEgqJ5i+cjB', '2022-08-02 22:24:15', '2022-08-02 22:34:15', '62dbc9c9511a4'),
('a1a5b78d700aa3e52da6782649abe6f90c682a6d8fd794af06515fa79ca9342ffc1a67f05e3be4d84cd5db3df9942b90d84b5e132eda97f6bbe6576d2ec9656359qrx0WSNqtBHeYuKExoQPPSnyPOHW2jknZKeMSfabF9RSUZGrtqjThOTPy0hPld', '2022-08-02 22:28:33', '2022-08-02 22:38:33', '62dbc9c9511a4'),
('a1e1ed866442211ad993b30070c8490c9496ea6b7f55b3b266f366892cc4848506f450b92eb50d1877638b955d3e1871fc3c8072b61aa60311d1b5dd5bc3c410beLoF9svMzeBXZxozpSUHFQ+TH7tvcjt4aY1T6dpK6gH8heSKyuPmRzQn5mfIQzE', '2022-07-31 15:14:34', '2022-07-31 15:24:34', '62dbc9c9511a4'),
('a2f8ee784796d2e58427d7ec01eae4d1277197a526e98aac5b8ae2dbf14f493f6b5538802a4e31b11d8ef506492fa676bb1c5291e9b095105648d206ee2b63edvp27SvMxOpEVU6RBHcTBaYHdQTog9p6HnzCTpEJGUQ52LQU+0+qBRlDEoti9jN5I', '2022-07-31 00:37:15', '2022-07-31 00:47:15', '62dbc9c9511a4'),
('a3a368a93ea9065186ac3951b90f536266e70d32eb650d624c3ee46bf32b398d28260eda7f4d6163fcb1d87cb8a44e72ce4f84fa04813c87e3e3c148b79b3283e++1NbiXTJ0a3SINN6WGIRdSQKHuaPzR1drys9RFKMoTY4qrDJqG/Cts2EV+fqEi', '2022-07-31 18:07:08', '2022-07-31 18:17:08', '62dbc9c9511a4'),
('a5df1e387b587c4a988f1fb6a214477417e6e069698d3b8e08e492f55d48b694b50781a05a9bf6eff67ffc92f04dac00e44bd9024c2538337bfd884d835368190XgifHrvmiY/nPpGkipeB7iYF7gKb2tjAhjXaKYs6Qhld7fZ1d9CR6GdG87LQcn8', '2022-08-02 22:28:43', '2022-08-02 22:38:43', '62dbe36f8f18a'),
('a689fa438cedace4e5808254c7e70fb4f8f9038e73acfc2b3bf5f83c5a3b8515b995b974770da0308f89cb0d2b0f3713017e4d36a916268949ae8911060a7682PggMsT+BySCqNHZDXJwzAJVVz4vUoAM2LYF1mG9O39w3ptn3s5Ndiuk+TE3MXXMM', '2022-07-31 00:55:42', '2022-07-31 01:05:42', '62dbc9c9511a4'),
('a6d021f724b3f18c78a8b7954a916dec712fc3ffc7c22dce6e02f150eb4db0d33737b4bb94564baf83c209592fb17afe710c617a78fadbfa6a0e1e73e66020956WuaDJOTjUEg/YbRfVaNNTbwh3lRsEl0gzicQSm2nqYxpJUo7sbK2VdgPBDMk2xb', '2022-07-31 16:43:51', '2022-07-31 16:53:51', '62dbc9c9511a4'),
('a78e5bea405b0ccec6551ed8ad95c436801721c8e3c9ad96de023760fcb06653ce24001b5b238595c186639b891e07d2f445cfa4e9422118bf48f7aea12af697oIUwfVLX8xR8GMOyDIoVH7HEXiWbdycs+bI4FJp3+xiIlWWb77uQP2HyYd+Q9Zr2', '2022-07-31 14:03:37', '2022-07-31 14:13:37', '62dbc9c9511a4'),
('a7e65072ee15fc998e2f5c772624abb72559de52390e3bdcd76f850d7ff99f49edebb57dec9b057137fca150612fe75b49a5eae5346d7bb52886771f28bf8a0fSC+5IZyfubcE/q7JhbyGi3bo2KjDLpMIk0GrsYr9u9X80P+FX71xRPXKjEyUBJG2', '2022-08-03 20:59:28', '2022-08-03 21:09:28', '62dbc9c9511a4'),
('a8488d336fff5c25aa356e27e3f04390b03ac597cf756a4edee23725f904dd8348864a39178159f9bee6b40dd28ef7a3c2df1465398528bae015df5fd6788871slU3VBpc//TBKdOzMhHhfBZ3/LKQUus8KSRG8jGMODlU41ePdNCDnblGJV1Y0Gjv', '2022-07-31 01:15:38', '2022-07-31 01:25:38', '62dbc9c9511a4'),
('a857cc0ded1535c80fa6a01ba65c24848e01af634bf93525f738f9ed2f8b627cc161bb4ebebf2d98a21610f69ca641f200993fdbf4db5d75ac8734345465d60dfelJ8EqY3hsHGDH9680/tqh7pUqqPqGGEGGS6/TM+mzJyJDrV9Tj5iwsSGb965cg', '2022-07-31 17:12:47', '2022-07-31 17:22:47', '62dbc9c9511a4'),
('a9406a10a4cd3a0c78c5305c14e2d753ea686ff4ad4173ac1ee30574be51b8ea5299d36b76be1682975caa80cbc90f6cf78ea3470b0ad288be7418967718e838AXNv0JU4s5eBnpnNbDvSMWqp1f3Ob/H6XtZZJyOV7Lk60+/6aoixn1DDs9bdkGH+', '2022-07-31 11:21:37', '2022-07-31 11:31:37', '62dbc9c9511a4'),
('aa690f170de989df96fb23bf94eb9438cc9701ac4068ef65fb9bb6005c058bd2fe784efcf63f8fb06849676059570395636a9066722f96f1eb94adc9a958929ddl2EQXstbqfNgFePN+f5S4sJ2jB60gz3aSnOJU8eraKDJwmVsig+O/Of/jc50ALE', '2022-07-31 23:04:35', '2022-07-31 23:14:35', '62dbc9c9511a4'),
('acbcbb127faf7b006516466518b6d3a242656eff9f55b4aed5835e9c1f05b133f817e858c848ff9a3936fa7ca8c7621ac4f9156d0efdcdeaecf0a74b88a94e61Q2bI2eB8CisXB/TdSEfC7vIoHMLPeTCVE40mAKp508xbz+A945lW7kY7cqucdnch', '2022-07-31 16:04:37', '2022-07-31 16:14:37', '62dbc9c9511a4'),
('acfc2bbb22551646f1a5e5679079899666ed7c32d4adb37abf3618479069a35b1c8fb1d03c8120ea48028819f0269e30e7ba5c6a66f4351c2c5a15a09bc40690NHgcPDZEfR7l5+jc2ryUWUgda7I/3SQckwAyE5dR7/oP8EuhP2Zbq/yiK10rHs/J', '2022-07-31 17:10:09', '2022-07-31 17:20:09', '62dbc9c9511a4'),
('ad1af1d0355352454a65ef5ac16caa94b4e7fd2816a98a00a51529c267bed02013b849428aaf2552929d902edff15b4d453b6dc646dd71f58ec55e707951f9e2UgS/rim2G6/bwb6J21Zx/8l47KtWTAFIw+4ErgoZvjQ7sUetdWI5RYFAJ5llu04z', '2022-07-31 15:48:05', '2022-07-31 15:58:05', '62dbc9c9511a4');
INSERT INTO `user_session` (`token`, `created_time`, `expiration_time`, `user_id`) VALUES
('ad2f04b375a398839df0d9956b9ff719d9ec948f14d4a6f50a4ca17e5d8b3da0586ae7bd0cf6d9acd9c9e1353a7c4a20312f336c1e31fe1e390313602b7137b0FkRqANNcOc0JqEWqDbaQGkToEzeIfiyCzCSG5/aud8Mce2aJXiChWqurJFk8i0jh', '2022-07-31 14:21:32', '2022-07-31 14:31:32', '62dbc9c9511a4'),
('af2294c1a2c9843bd2ab07a3850f7b58b55c331e9c7e132fcd17c4ca9e8003d13eac68519b6275f6cf1e6a91d07a92b88bebc4662f591ed39b0874b66b75db11/Y5hEDZ5Mf7K2pBVwcDcdUfDzRwGPARtwDVsMikELHtIcU2JIOv7yhQ0WyW4kHeF', '2022-07-31 15:40:30', '2022-07-31 15:50:30', '62dbc9c9511a4'),
('b0102c3365df364a4d0a6df070f07ec33824f62e83184d10eb064c1f3ba83637738389145948e5403514a665a23b07542261e0a47f070452b29643852b3dd556IEuEYTxf1OX34FAwGBck87P6pj3MyEKJ7N3P5TTkf+wHEV1AnAMMzSkd9E91C+97', '2022-07-31 15:32:01', '2022-07-31 15:42:01', '62dbc9c9511a4'),
('b04602ff66e5dc937d34776b3fcb23ee4c84a74d773c1c44f914c3c711737670c01bf252c9be13b18fb430a675c0d1bc79d6538ecfd4d1f2f6f2ad3808fd85423RK2R3eHSNOUMTyJBx4zHuNxPMcPBTqstnx5BNFu47ZmAJE4lkiWvD+davxlvJau', '2022-07-31 10:07:11', '2022-07-31 10:17:11', '62dbc9c9511a4'),
('b08e42199ccd24c6ac1e1e940bfb38b5ae305f5baa28862bc4771460cf24f167a3e3e1f2ba7e39123d3c4f2f483e04c3c6a32e711c7b64f398ddbcb9be50762b31YPhVzV+rD7AlQZpPJRl9ET0PUs0JzxruwgujNKt//ea95w3tzb4K7fN6I3Bnl2', '2022-08-03 19:26:28', '2022-08-03 19:36:28', '62dbc9c9511a4'),
('b0fb3535b239db96a1af62ab0e6a214dc49faee8282189a51adbb00208c2b8bbbabf439530afa3c619156e74b9e8c190d92f06d0f3b752245b6b3b7e5a4d5976xTQIxKo0siEhIt4nigNYzrtUHBm1rJ9A7yO1LyJgJXVM9Vme+F+BvpmeHiaBaHeT', '2022-07-31 16:59:59', '2022-07-31 17:09:59', '62dbc9c9511a4'),
('b29da75e748c4a742e9e3124cdb99da0d31d5c11a744b32970b82e47ab0525a2d4b00bc3a6ea01a2b87271c3de0f20bff515d9d6e711cced54f8b19502a5abf0mmG9//i83///l6T7NkdaaCdiU2JFdpWQbhElbpKYx/3q/f1u2GsmeL4scBWOym+e', '2022-07-30 23:16:09', '2022-07-30 23:26:09', '62dbc9c9511a4'),
('b3b081b9338c9d9c4a93ae1217c18f5abc1f4f8e5545697759e41daa63f25e616b26f9aeb204cc5b4cf755dbb95350621d3a445b4423fa769ab536db67e9162d1OsyVqNvgykVx+2qROMDvdbSDlZYzHXGlAjq7Joa8xaNvIvdKy1VJI8/gJLb6WWf', '2022-07-31 13:29:21', '2022-07-31 13:39:21', '62dbc9c9511a4'),
('b5415149ee2ae06fe0b33f5384fc53da966e8cca15094202ae7a3e9df838c921f4747a8fa18cee70f759ecfdd12164e23d12a0049232d913c7830d67a8c6b634Ni6XHBb64OJrT4WSphEqPhuKTwuan0oEyQiqnLuTDrlCt3RW24xjdywoDARVrZCH', '2022-07-31 20:10:02', '2022-07-31 20:20:02', '62dbe36f8f18a'),
('b732e3e9b4633a4043587b7ffad26db4a103278658ccfe4e906a6d2bbb1a9112167a17f0d3ee6fbf646ce9e5642fe076399359a062c7be8dee1d225c4b010e43PHpOtF/aPDQ5YF5mSXAq7GtX41t9RXOhQQCy/eMcb6Tpv6D0h0+YpfOLDyQ9VzrZ', '2022-07-31 15:15:02', '2022-07-31 15:25:02', '62dbc9c9511a4'),
('b8c1d4e7400e9cf12ef36e7723e51e25972a8c18f1620dbf8390f5bf8433c0d1d58c23971f7e484b090bf5c1fb2e4c9b18f620e8c1ed845797691d04516d859cxk/za0zd89LXPwWPE+eJRLVTVY6BhYcf7OshS9PyMeGsDjDL/pyTz1zyLZs2f1XF', '2022-07-31 20:04:37', '2022-07-31 20:14:37', '62dbe36f8f18a'),
('ba64c723cb0452cfcc9325e388468a1c6a6cd156928cd91419e3be626a680e26605d85ae10b918c7e191e9eae2d30da0562c05db719be8b8f71d8bdce9e49769waNzweDwgU42iuurCvUu8/BdeTnuKm2Bmgw9tLdPMyTXICJQgTTuvToTF1bPNLC4', '2022-07-31 16:07:12', '2022-07-31 16:17:12', '62dbc9c9511a4'),
('bafd03c81fd452e3ec0a050665e376c8486b1337f9e377ce1e65826d6ffbee6f0220bdabe7e6448bc72c0a7f062adb6119a06a55ad75ad3a8526498d2ae643eePXk6RRPHa7JBvBBbUOTG96JfNg4BYQZQtJCKYO8NYkicv+QesC/ElD3c17uhXIlB', '2022-07-31 17:18:18', '2022-07-31 17:28:18', '62dbc9c9511a4'),
('bb97ddfee0949afc940390463e120ec5fd23b8a87c005b7863b6edff5a9232a466bf7481ddd0e29635d069a8e43f6368cdacfc6e5c88882df0686aec1e3ca42fZe1DIu15bHAswOu7poX3/Naz8Cc/YSQK5W6q7IhsZ6nC8AsYHSrsQOU2JtMndZHh', '2022-07-31 15:09:41', '2022-07-31 15:19:41', '62dbc9c9511a4'),
('bc6c5da99b16043f915897ea7514b1d1bcfce037b860d9735377e35cc7583419870537af258a44303ea6724ba25d8164b8d6575fc48d9c26bdc7f94d110730e5t1z1/7fjrDhhKjOBjIi+X/foAPGUn9NZgPpedGLf6+mz1uswZeTa+46ie61nP3/r', '2022-07-31 17:50:33', '2022-07-31 18:00:33', '62dbc9c9511a4'),
('c048f312a47a40c57d7e08a0cfb0a461d3c1144957682da88c70131983f74aca53a5be8fd62eb98b145d129c3c02a795b2d94777a60e063a5111f7c7a3c5409bi7Ji5o6U25g0Zq6F88bqid9jYF4EMhUw4qbQTvNJlXSy6Dw7SNMvnv9TvGMYUC5w', '2022-07-31 14:38:30', '2022-07-31 14:48:30', '62dbc9c9511a4'),
('c1f4c3ad8b6f7312d5969c719f3bd2f7c415e9b35b7d9730bd097a5742a789d55d28d8be9aabd842cfaece09e27029e1d3893f139a796a34a7c40e98b434ad2eNwsHON3gUrJ5Kt5doQboTiuYDGQllVXQRQF4Uz5KtuLkTQwOkmr+DmnWR9KQkRiB', '2022-07-31 17:14:01', '2022-07-31 17:24:01', '62dbc9c9511a4'),
('c259edd8a218864c514620e09f1bd8fba738015c1fc1421a025e185c4d560382eb97ce2e17f091431d9f59d89e326920f1384aa3f7bef6bca856ec5fcf6edbb1X4oZiF8/Z/Qt6dBd2H6hpEOlEcfnoE/AsQgKI9RVg2SNDQuycYyAFftbPJDvAx0g', '2022-07-31 00:16:29', '2022-07-31 00:26:29', '62dbc9c9511a4'),
('c2fcb12466ddc13a0e0631553fd8094deb346cf6585d1fd6288dcd6d2f06cb6256eda6b1e7b0891245dcf80e11f72a972b503d8bb4eeca8469cc2a951e729fd9lpoGTIEJOyO+r6rgWyksSe11y6smzN3NMxXvOvFFF/Kx57mk6tc4PtPKbjje75An', '2022-07-31 19:34:54', '2022-07-31 19:44:54', '62dbc9c9511a4'),
('c31f8c0c9d0adaf8b276b635e66c5bc717e8b70fa4d4d5e2fdd326b49dbdaa185b040ef95c408041ae6e28646e854995a43858fd1743a032a0d04b50c47a1054G9kbLw/2Nv+9w9uqaghOTgPMwxVAiiUK/kz21v2fkFvGQ4iPTlhmPdva9mbsb7fj', '2022-07-31 15:06:12', '2022-07-31 15:16:12', '62dbc9c9511a4'),
('c35c1712647d28a5b43c66a11b25e90088a76714a9ded93cd68fe6a59cdbcaf6d5ec97e9ba56371085d0c24fb5411a6dbf7f3f4c0dd8229dc591f00c46be8b1fDdBb6SLDHwZEMGTEJ9kIMmkfpnuG7jIUTqTMB1am3TPKrCMhtKHMBom9I4JXKf3Q', '2022-07-30 23:44:51', '2022-07-30 23:54:51', '62dbc9c9511a4'),
('c3c5d38d7585d5eafecc281e376d82de46f782e17f8b57c3ae7e0544b61c2b075a99b65d44ea69cd30b6c6075e6820104bec26680a2abf5f0a34b33148094ddaUV5Dd+GQi4P5dK21ihZo8T16HXa8kZvtSe3/0IccuBygHPsz5+7LX3YUhRAfUeu8', '2022-07-31 17:25:47', '2022-07-31 17:35:47', '62dbc9c9511a4'),
('c3ceba4f85c913092f548099ed65f863fd3e75a056d3bcdfe0d01e89bab786a68478fcfbc21102321c62643dcd2176677e71999ebf4370254ebdf196a03f6a5fpzxN8S2CNOf8MwPvu503D0g5uBXcQgMjX89U3TEELDBHEWz7QoWoyh+lMs8XU+eA', '2022-07-30 19:54:55', '2022-07-30 20:04:55', '62dbc9c9511a4'),
('c5669075443528d0ea0cbc9120fa15ffe6426d2d5a75fb9b4d760b13b77fa176ece11fa5c0f1ffbb253176df92e5fa75d62ac17f272f4ed1f3ffcacfd60738d9qaxaliYB0DEaBTN0V8Bl4JV6theJlcg9at0LjMtCiN91QWkC9PQ+Tz5VyijmDjR8', '2022-07-31 09:08:25', '2022-07-31 09:18:25', '62dbc9c9511a4'),
('c68df5da24568466061e7da3ad3893b2017474edf48d795de04b76889f39f478941ab6675b251978dfa486aa8a394f0769833f8f3524810179ad90f8c205962bn2iwINlm8ufPEgRGTd66y81uvr7hwuGEAoT/mXkF4BzqljargdPSe0xf38v8cA3m', '2022-07-31 15:40:07', '2022-07-31 15:50:07', '62dbc9c9511a4'),
('c72990f4e8672ca88973c25790c1780d6f6817d90c56ce0a77c6f0cc15825b309d8ee94465e7eba8174b30dda67c7513ed4c8ae616f8efd64202d974c93d72ddgKqwsgcoWA7DMXrAVL1JVdp0xXXwx3dv4tfcW1/avh7/XVt66WH7uIKlKAK1VVWP', '2022-07-31 16:12:15', '2022-07-31 16:22:15', '62dbc9c9511a4'),
('c87ad3c99bb7c3de875b2e725a761784b5b5cae2e3a8a247083442cec08fdcaa14671d35272f3fd108f4eae1d36f767754b63f15c5a0c5638091a06066f8f79cras+DTWbIaDNx+DnPrCme9J+4s0gR6FX3FgLjWWOTJ6VzjbZ6PNNZVkhFzvZ4NGY', '2022-07-31 17:44:08', '2022-07-31 17:54:08', '62dbc9c9511a4'),
('c91fc169cc8dc0657484c1eb67816ea1a036edb1b1bb335d5b26a39c71e2fdec3844552c4261f37644b7fc4d1da9684a1c75d1d184e570581c49bf49effd7082DcYjMu1SWjgsPK0iesB683cBPtZkiDClRJs1aG5OVzqKi0iYH7wfrkXR2MbTZB8Y', '2022-07-31 01:00:33', '2022-07-31 01:10:33', '62dbc9c9511a4'),
('c96efad372f9e1b0fbaba95417b1fa4b7d056ae3e861e98eb938d136e3564ac9a54930eaa542d49dcd1dfde2add289e379e7c5ce9556fe99d6aa59d6345cb318MYGMWmgue9Mz1p0NO0ttG25xKHuwMwt+NW0EEu4fBLuV03Bvd4W4f/d3nuA1toCB', '2022-07-31 19:33:03', '2022-07-31 19:43:03', '62dbc9c9511a4'),
('c9880bc78fee6d95d82fde8bb4f2289fdc51ffffb62d4e589a6ed16a141e7e11cc98cfb1c04070d248587433ea9557a0b7be6b51c6df57794348433f6426a828/pJPhaMMlVoUnDwse5n+eiGC2fH5o398ogYkcrY6jWA35q2hp6GzsAcelnPLM/Kc', '2022-08-03 19:36:23', '2022-08-03 19:46:23', '62dbc9c9511a4'),
('cc978d605a17a04dceb99bd70508004d1936adf8700c7ce632ce1171392083149afbde7a19629e4f0e695ecd41825a6c1f57ce635300970d78a99eb2ee6bf3acGBIhrACCmWlo1usbzMBeK2u3StmtwcUEp/WH/CJumLo9bhf6p9nssBXCJp7BwLYK', '2022-08-03 21:15:15', '2022-08-03 21:25:15', '62dbc9c9511a4'),
('cf669d1d92188cbd16b5c3d7e4798f6fb238ea6c3c0a5b0d0742db5c46697a8f10e8f7354e186dad15e7c2d53ce0f7ecbaa4e49a721d22fc6e926f17124a43691pz1LunjUWdkkjq2Cj+UrQfzjpnWhNarz7tFp3mh6S2k64H6EwEQVmSZDfJkfOpq', '2022-08-03 19:22:35', '2022-08-03 19:32:35', '62dbc9c9511a4'),
('d10a83c2aedf1cd9ecbb513757f79f5efd550c5dfa5163095a012bc668975d24bbe2efdc3ebc0f24d05ee97572959f2d0238a14bbceb08d7528f2631b96b04d9JL79nUIXKhq1I8AoKcPZgv9xPeVnwMDzfXs5PKEDg8cbDwf3QDE3nmLW795LpV+G', '2022-07-31 00:42:14', '2022-07-31 00:52:14', '62dbc9c9511a4'),
('d2453d5c5abfe079fab9c9c6ef7abdb7082ffb14987a6dbde05095492e54e43877865f2ef85ec1348a2924f1c27666f2ba07972ad5b4a23a803528078d77a4begOsxQAMg1EsNJAvxz8IydArrTWf8HSGm4/IBaPCgqLbUAeo5UmJb1QSMFfSZ8lsW', '2022-07-31 10:00:58', '2022-07-31 10:10:58', '62dbc9c9511a4'),
('d30329cc43fd7e4bdfa13a24198e1b6ca7b70ddc9fd9dd2d71089ec2741ca7af1b5d7e8078675445ffcb18bd90b61a473e29d02bf7272fcba17b30d8d51d5984eB5glSiAzI61HedCwK/KXKsBro3jBOKAbWNgmnCX0oSETX/8UZt5PQy+UlrKHceA', '2022-07-30 21:53:00', '2022-07-30 22:03:00', '62dbc9c9511a4'),
('d3583b8a138256aa0253fa3ff8cef52ca0afecc1aa69764263da80e8111280d49ca74c888e50cef9c43c6310e79fd1e9033d99b2f5ac832cc7900046c549c23dccF9wKABk6HQEwjTH6vfz09JRTFIFCW18N4OHMIuV3dI6P3+1C/G+QYZAFlIYYBq', '2022-07-31 17:09:40', '2022-07-31 17:19:40', '62dbc9c9511a4'),
('d389fc2ab799cfddab7985c03239e44e664cbc2d85cb26fa22b393122265d9b0502de80468bd18a97cd8260f526156e006e52f254c9ad2c5fab5fcd4d791e69d6xXcfVAroBrLDA+v5mpgewYvVfKX1o3teaybr72OANZ8uZWVHOjreuquYmKYPQFk', '2022-07-31 17:45:02', '2022-07-31 17:55:02', '62dbc9c9511a4'),
('d3fb856f7558e34b9083bbc77e5983cdbc6d25095d0c04ef13af2ec703020978b579286b72ea2d4580df08333fbd307a6cf44d3bda495a465f79326aa60affbbJyxOAJ2y4PtIQUWKkRVV2biu3Ye26j5pHdOnhtlnG2MSYhOQg9mdDHlkmOZSYu3K', '2022-07-30 23:43:57', '2022-07-30 23:53:57', '62dbc9c9511a4'),
('d54f5b3080a5f764846f8b53b1a87cb95a95175733791d675a54d2a63f10d838ca6d36a842ad272603a81cc488466dd1cea58dc6b74bb8ec413d55cd08a3f446eRXdLYK7hwzFSQhxyZ4zNqhwv7Uxkz2ocL340ujQIBEEMrN3Ndk4vfmu86ngBN8D', '2022-07-31 13:49:03', '2022-07-31 13:59:03', '62dbc9c9511a4'),
('d5e26396ab2953b16319464f95a703ba2d7b9bfe50434e8f45b256499e5f09756af6b02d6170c604c0bc77cc63a3d7784156ca8c1369eadc41e3c828da18e07eo8zxFwLAeA2wx3L/ia9NPW+RPyz8xMFZADbYlzWsuBtJ98ASIure6nCoHh3e9zzy', '2022-07-31 15:02:37', '2022-07-31 15:12:37', '62dbc9c9511a4'),
('d79a6833cac96f814670624543da79957339442d47e1533df9c5fc824d7bc23b1c99d10217ad40811426bf0542457c14054beb94fdf3cac11be1c14902e88c60dzBbkNoJqW988/ODHx3S9v24+m96RKU8XT+dfO0/WsKLMr/ZI9MAgvEFi4QcE8hU', '2022-07-31 17:59:56', '2022-07-31 18:09:56', '62dbc9c9511a4'),
('da5a4e089e5964a799ae7f363b289f2fc8c8f02c0681124e2c417fb7485fcefca88d2226a3f20e5404e1a95ac5caabbdd476df5f6008e50efeaa3829ee37cd7b+k/90bkMgt5VHHBAO3ReKkM3XWkSUSVizjgIrGkQv/ftTsWfSUcNaVaVxKqp4bGY', '2022-07-31 17:30:29', '2022-07-31 17:40:29', '62dbc9c9511a4'),
('dbfc16ed0518ebfea0680f055cb39b508d0ab42f5e4700af55ee972a81101a24e2cc1cd562b3cd746531ad7bcf16091c7c060f8f8489c91bc2a1339df72500b3leKLw2L50ywhMbUZhr9yv5w/5o31NPZidOil+9sAMAfndaSa0wLTOLyn03gg9HH2', '2022-08-02 20:08:11', '2022-08-02 20:18:11', '62dbe36f8f18a'),
('dc157f01727e06c77e5017ca403b1089e783af1fe54daf7d4455defa497021fd7f2bf61739c2a0bd07978a877a9d5a0ce52bd26299666251de18749e1de0748c6QJb9XZCcPrDzzcGRDseEulIBFQI9DBmKG200OzmIvxSrt8pNUowuYyOKavkEDDK', '2022-07-31 15:10:14', '2022-07-31 15:20:14', '62dbc9c9511a4'),
('df05dd23ae0e190f27a02e17aa99d9e5fcafecfa2a2dfec5f12371e9b9cf62430cfcf5b50b6fd500960778f48203cdc56d5ec10adccf18f02be2fbb223a00570Z4Xvoicu7u1YEEGaVsKYmhg0w/8MHUesy62/VY/JvP5EfjkOUNuEmRPmDVxeas/f', '2022-07-31 16:02:52', '2022-07-31 16:12:52', '62dbc9c9511a4'),
('dfeec734eb7bc1054af160bbca2f80d8d1db1bac0e3e6fef0c9416bce0193437933e4f304ca1d9d266e3cb15879500331be3a2b9ba7f84fac2bd590b7c0e19d4A7ZIW2NLFqXmGGaythLUGqoglib/N8+dqoZtVLa9/1QjhOF+QIv5DpwZwMWWrqUX', '2022-07-31 14:23:36', '2022-07-31 14:33:36', '62dbc9c9511a4'),
('dffe7b554f2d6e14013430bb8b8dc64910d48fe6c978bca72bdc045e1eb572c7c5bb70a57e9ac410cbd1c2e82700f2332d8de295e4bd0d58883a39f47332ef37iEH/e8CZYrwcKwMuhrMdMYIK39e17dgvZ7R268rOlnd7gpVMEPWz6Ch8G9XUnxeQ', '2022-07-30 23:20:14', '2022-07-30 23:30:14', '62dbc9c9511a4'),
('e0f01e91112dca84fed7e4ece3a11e1a9fea5945e71c7b15f1991e5d8a4d5007fb9c15debde632d8a0fe0e16a991f595ea2e25aa4eb27ceca095e32a5efa9f92vq2iT3YctZj1I9n18CZoLKHozeMGwNvG0hZ0TIGHFZGwpT/I7xeZJNvCx94aDiO+', '2022-07-31 10:02:46', '2022-07-31 10:12:46', '62dbc9c9511a4'),
('e1652715d11ddc38ed7184dc3b4f66031bf75ae4ddf322bd55c905e88f9c34961730faa7c57a434dbdf58b3bfcbe7162af2d34dccddb364eeaefec0915684c7cqv8oBy3rQVmXbh1GlqemwQhDv4xRql/zo321HPO2sdcK7W1biYMgHI4FaHzDjqvj', '2022-07-31 01:15:44', '2022-07-31 01:25:44', '62dbc9c9511a4'),
('e2f2042c1dcacfb02add069e3ebe73241e62bd73f54fb159acc7c1296365e2dfdbe9a33a4913a849c1d89dd9b96a1c60c95d57e26706a96271e2e62e76babda8CV2kZFZZE01Xu4IfRMuCoPmURXxAmhOJDpD/knhUPovps6Lo9ho/ZotWJvroCrZz', '2022-07-31 14:16:41', '2022-07-31 14:26:41', '62dbc9c9511a4'),
('e38ea8cdaa9966b5294ee9caed5b2cba7eaefd7c04ced9748e1d141bf8613136ef520766aa5c209161523a139796e4eee29f9b6437166c2b136365cbb77283d6VqFupDPY7rmi+0W/KYdJGpiSP7144e9lKg14fmVXbXdXBB4Hl6atyhOp9SQGzrOG', '2022-08-03 18:59:29', '2022-08-03 19:09:29', '62dbc9c9511a4'),
('e4a8c83c840a58b65ee1fefff17abe44a17c85dcfe48545b5fd325e7d40386ec56d657dc003c354dd7a1108eaf1fcb19d9e2f4d1071c5b544387b1bf8625f3a1Lay30lsa8+S9GWLKgZvrysYhzra0PIODlTOVAR645OgMOf3GWN8fGcqwh21D5ZSn', '2022-08-03 19:14:26', '2022-08-03 19:24:26', '62dbc9c9511a4'),
('e4df1f36cc5c8029bfb99cb2f5d3497d031e4e108ed50bbcf24ec2c383452dfaa5140e8f0c272f27cb699021fd3765f78a1240aa5a249549242140cfa94acbddBG2v2sSfcyYrvOYqWleoQXS3adlMSL6Yl/ZE4qIF+IOfCzqOzaevYiP/N5ncAS7+', '2022-07-31 14:02:05', '2022-07-31 14:12:05', '62dbc9c9511a4'),
('e5813553cb3ba53645a1dd9562cf969cf16db42897ae31e77db11e76edbef733bcb165c0e204354ffb1516715edc195332d9d7cef0eb4546023531cb6041fb8dVDqOzNT21aCHF1tm/sBLTI1BoD+lwmW2oB9LWPBBxA4n9odNZwsquu23Am1QbXzp', '2022-08-03 19:13:26', '2022-08-03 19:23:26', '62dbc9c9511a4'),
('e6217dcba50af46ef7fbd8a57ca90aeccd9ee890296c48ed5cb3f557c99da3bb729241393af28b54994a65fc872c4c9344a3d717632508c314ef4dd1b83969eePPfWk7vd/PtnK5HEvLXNCBz5DKYwK+C+W3VLY1wwFeSE6UGWazEvsyqarqDEsjal', '2022-07-31 19:50:38', '2022-07-31 20:00:38', '62dbe36f8f18a'),
('e8416ccd544348e3e831aac1505df8f296b4f8869f2742b8cef456688f14d4c52f5651475e0c80eb2845c30012f861bc7f0a6718916e62b07f494615657220baBZT+GvMyZvm/BKbazpfeQIV064jzUL9I24bRWxJCy+pqfzOutdcM4SyYR42nB8iJ', '2022-07-31 15:48:50', '2022-07-31 15:58:50', '62dbc9c9511a4'),
('ea1c14163f3d5e6e7326c305fb5c1182c32ba48311b5c61ace6f6b2f661a19d0b567975fcdef92a92f4329b4de82ba73948c47e4dbf8a8eb4db56ad1f3ea62f746cZQuwX6/yvzaxhatTw+N6JDczCZZzcOdfdRNcZkfEP9e3RNnTMvAs8AbIqf1QM', '2022-08-03 19:02:45', '2022-08-03 19:12:45', '62dbc9c9511a4'),
('eb6694bd8354fda2a8a33002a479d124c54cd8a1a8bb9cc645d151e3b4a00cd4b18b86d11a02c9feae9a3c218e37b0f67fcbc214711a6de2f6bc60132d06f0aaJxZQ1wMeCTDwVkB8ipdabBFv8dUPk+n8lEyzmV12twdsGHcOsQm8FToNhHwCbr3v', '2022-07-31 16:08:30', '2022-07-31 16:18:30', '62dbc9c9511a4'),
('eb9e83727629e02646e52ae34090f14e2f7b8b41fb3c9fbbf6f6c6c47deec93e6d4c14c0148a823aafb341b5459a5e63fd120517e4e18c8b5daf7e1980adcd7d7QM9gM4q/55L575LC/jqheVimgIajc7nDG40cOyIs7tTcptlcuFFJgliNFbBkE+W', '2022-07-31 11:22:16', '2022-07-31 11:32:16', '62dbc9c9511a4'),
('ebbe4d52a979144609274cbd62a8222c011c9c1b496746758c51fab2e125df6445563312440472314a17e1c8b77c2eb4cb53fcbced051881d6cd7c558f1dee31dOwjCDkPEfMsiZJ/LVvZO0GvA5fVShldT9m13wU2rFyykq+HP/bQWvBFWW15AYgr', '2022-08-03 19:27:01', '2022-08-03 19:37:01', '62dbc9c9511a4'),
('ecf35491c6a6b1ec26ca13f6fca5b04e160484464d152f85dce882ffcb990105a3571fba6f6912ed34ef92e0d5e608611bd1ce6a0821411ffc97aad84ed1d8716qGT58Jsvmhw3wxEEZe8anZ8tT3P5Kp5qOY1KEJhMD4IvpgQYDz62dvUEk3rEAtU', '2022-08-02 22:32:32', '2022-08-02 22:42:32', '62dbc9c9511a4'),
('ed5009df0970c9543319e8b4b86bcb4c1ff61790f1f9e004975f4414daa1feb8d48e7ab453f489b19e3f78bdfc4baab31038e77492379e89533df88bdba642feYxmy/IoQ12AisybVZTNOPNGgZCTDCwbrZdDanvF8hdvE2Ro0Cm6gn3APvqkqmQbD', '2022-07-31 15:14:26', '2022-07-31 15:24:26', '62dbc9c9511a4'),
('ed5a88bcd4344391ed8a65698f62b262afe85ea5f59c384f18343df71ae2588dd22636aeb2681e1ec3d010b3b3f6c4d7d8b56170a21d076aa44f479fe6581818rK8Zg+yV0hHeeA4TGRgWQnObfPlajtWXZVvrwMrLUhgFa9y8s6vJKOSK7mfJry0L', '2022-07-31 20:02:03', '2022-07-31 20:12:03', '62dbe36f8f18a'),
('f24fef1bc5fd67c6faa55d3a5dcca1cc32aee65e99d25e1f0bf3f64a03dcac370b1a7d95748a2aa8a56f7d8df8c8db64cba989ab3c21548addbd449b0adb7473cBSqWiHRPBQyYFrOQB8lrBVJhDICZi0tscy5QkZaQ5WyDPyxEe1J+1gveENwuuYc', '2022-07-31 15:26:16', '2022-07-31 15:36:16', '62dbc9c9511a4'),
('f2a280d969d8e439c75890c93ffbf3a5b003f1bfa07adf6e21a6b82ebfee9cc73c7b66acae6152d7bc797720951ffdababd147eeee761ad53a292bdde309a663uyzJwt0Wpe8UK4YiBdZ8wm3dxwT5A4tE9W1h2h7BM++zFb27iUVQl31750xYEJtW', '2022-07-31 16:05:43', '2022-07-31 16:15:43', '62dbc9c9511a4'),
('f2cf81c0fce06ea1fc9d7f1a35d7811fb4a7efbabe6e19423574ed1d2532ca30b49d7976a7bf05f3792d57c488967970f28865c6be98b5917613984e1359cbbf5ya4wzlLNxJuGiApGN/z/I+e1Kb6BRdDoahYnMub8no1yssDW7tsjnR+mYTo80Wy', '2022-07-31 14:31:07', '2022-07-31 14:41:07', '62dbc9c9511a4'),
('f2f4ff18125bb84043a23295cc1f353dae02cbf64fef0bd0d011726634249775736e75a1baa72ed7c11d5c19c09a1f2146802b7dc3745f5faae21ec978787d14oGpW+UzsoEujVfcxQ8+QT6eg251SgBz/2ZwkrMonDw/HHyROjLan8yd0wmSMRn1u', '2022-07-31 16:58:47', '2022-07-31 17:08:47', '62dbc9c9511a4'),
('f317266fa8a395361da6ead6b2ccd431035fe1093bc4f7777240e8e524a4daed7ecedf5c99171be8d010c01c99633d4df6ecf693f403c90679fc3daa6197408aQnGSAeNwVQAEt2aZe2r/dkywTS16Ygw/oz6yTEd3BTiKrwkwwup6NgZlDEE79vsF', '2022-07-31 16:48:31', '2022-07-31 16:58:31', '62dbc9c9511a4'),
('f33a8057a045f291448b2a20be082433804d31e03a035bddb3816124291ea2810b8f266e344ac5a92fa2b781ac71868cd57f97dd5debc109fba8175945cbecbegreJVx9dAXEX1vadDE2VKrezZZXpPkf3NsPgWo3tpOS+yDczLZ1KbAeU5zFDOuIG', '2022-07-31 14:46:38', '2022-07-31 14:56:38', '62dbc9c9511a4'),
('f3f2e4437fa15a4987de243387a91b7598362422fb892fe4b3ab1a06239b941715b034e85d5f40a783bd564049e77abbdd3d5175be3da2f2813e92c3029be2a74TxHgTD4wuYJott2RaPwV4hptiYtXKpEm8I5pX9j3T5fj02IL15hy/rd4Vx0VJVp', '2022-07-31 16:10:00', '2022-07-31 16:20:00', '62dbc9c9511a4'),
('f442ca295de22afef3be9df3e3e56b3fed92ea467a5e4916cad3f0e2fd9c89e828f98f029a78046e330fa1d75c56bba6f6bc8d12c36d28259d069df2645620830BKzJMQKPJAtyGf8zP4NFc8p2OicMsBLZOFm8TeuIAr40sD40+MumR+2+op/5gGB', '2022-07-31 14:10:50', '2022-07-31 14:20:50', '62dbc9c9511a4'),
('f546d43c14e0fbc0a8c3cfa4dca747a2271589f6a7cba8ad6a3dfc0ec482aa3fd6a2a6a888d7cc671eb6414d92c8a13abce51b07a927280c995ddbcfe019461cr6jdxCImLWbDeLYnVADAusSbFy4n8jc80BDK/D3CDnhJ7ocwT7ETDAXDIS/SygJq', '2022-07-31 14:44:32', '2022-07-31 14:54:32', '62dbc9c9511a4'),
('f65f2f2eb8f198d09261cda9f80b2b374184cce7a34d61bef191c0977451cd97a4e41fd653504fe70048fce2e5cc85fb8f35a8c85a3fb9736e37bdbe409df406vt5EI/Nys32h8RuzOBMrOroVEC8v1ZFTU+h3WaolB8d1iYMr2UpMpW4Yck80GzaT', '2022-07-31 17:26:12', '2022-07-31 17:36:12', '62dbc9c9511a4'),
('f7ff72aaeb94135b1d9ec23e77e0a75729238798a4fcca06702eca4a2f2308baff076a7fee2c328f5a7497117aeaf6bb169b6dbfeb783ca2e292e6d7588bc7885uX3K7S00JQaFHrW/VXtLwDsvTiQQVkJKOb2Ophb571DdfjNDE9dCQHQhk1ZHjrQ', '2022-07-31 17:17:20', '2022-07-31 17:27:20', '62dbc9c9511a4'),
('fbbab46999c0b07c55d90e4cb80610e5f5cca8f018dc7ddc81a369cac4a6afe5741a9a43a84c944ca9d4b897f11e1b9d9bca194c97b053d5a17db9a1c9e232f7Fv0foc7CpeQou0iRl49TxmwGdXPclq5rfpvkoGZiesyR2QL4600UyIIB0podP24i', '2022-07-31 14:30:15', '2022-07-31 14:40:15', '62dbc9c9511a4'),
('fc0627a4483761f251d53900c944a01b5622dde48f83b3edcc8501a627e43e620113eb9a7aedc20dc50215a63a34b69264f038dc9115b4e62f63e21671fae1bd8YIbpVVL4zIm5/haOcNjylymy3W2uwQS4+mFJuU0Md0/pfWSBNJJQasdIOHvCtJ8', '2022-07-31 18:00:36', '2022-07-31 18:10:36', '62dbc9c9511a4'),
('fd2281092ce1a826b206c2979d9f11d0f6088f38c7baa41fbbfa2db40419727af37de05ffff3ac72b3cfc39942f2046ea1d0ed173a5b730b50faa256bf6cd3eesFg/Mn0go1oZg3WnQ8MIuuVRDXdcl4OclSD/hZ9XcGrYQaQDpjy6GK/WNHSlod9p', '2022-07-31 14:29:06', '2022-07-31 14:39:06', '62dbc9c9511a4'),
('fd279ba2a52490daac97f391e9826e43d21310235ecdc35060cbf4f1f6d0fe172a3664578d2c32d624cbd33976c222787631f2410b698e18271741f7df66cd05rrICOgCGmVMRyzN5SiWfZT5OcG/6m/aeGENtGyuO0zP+AOSVjJdHVF1hT/Mbd0NF', '2022-07-31 14:18:05', '2022-07-31 14:28:05', '62dbc9c9511a4'),
('fd29b843bda3f778834a0908fce5c7c0fae55c472d62b50b123010e1a78262cc3071ddc9abe040acf4cebc0edcb2dcb625434558a1e94e175d2bc9eb83a56380YN0i07lLskrhXG80HtGG/W1Mz785e1RZE3ilDHapieQKYF3LTz59wYsqiefqox74', '2022-07-31 19:33:35', '2022-07-31 19:43:35', '62dbc9c9511a4'),
('fd407eab0d3d3dbe444b44110901e2f891fcc3c0527fead1145ac5556cc3b3de4a22b55c801e31778ea29669bbe76a5216ec6512d44b2c620d994bf963ae18c5PG+RbXwjlcnIyd2g8ZqObGxgfh8vq4coQkyKMEAMwHCvOHIAWzu5vms+w4/S6KpZ', '2022-07-31 01:04:49', '2022-07-31 01:14:49', '62dbc9c9511a4'),
('fd6ffcb353624038324de3e22c9949a97e8be75c1a1694b17ed527996d340dcf8e3da0e2700f6e49b31ed65601ee8bc44fe2892c32e6218cebf6e6e19b37c577MG82S5dfkZOaZYsapDLdOCvo8fJzArYlhzWMhsboL91bjPx9ETa9azhz0nIdCwav', '2022-08-03 19:00:27', '2022-08-03 19:10:27', '62dbc9c9511a4'),
('fdee4b4af9e29e5f260b59aefd2ebb978dd8e30eb50f50ab07c1bfb7f4df6c30932d0d3f2df5a8dc1b0f830701dedae151a4a8bad47960fa246c1cc2dd2592c459+oUlt0/xIHkWwnkY3LfRVPe0r4nj+Z6oQs6Q+bRkak5GP8fQptAxO1EPJO8BdO', '2022-07-31 19:51:27', '2022-07-31 20:01:27', '62dbc9c9511a4'),
('fe3107af764a9c50176b0ddecf79fce456d58b471c1e6331bddee948db2449e237c61c0522af7a0ab248c9cc8231a8075f123a212ff002e9cee5d1bd054ac0c9p8CvGhlJkIzYtU+LhjSojNHAJCj8/ltO18YHwqFDN/3TtxfvoF6H/daR8+Qz83Wc', '2022-07-31 14:32:44', '2022-07-31 14:42:44', '62dbc9c9511a4'),
('fe4b05aaf6cff3374aff5d658d38fa5fde3b5eeef9bcc81edb5168c67607f3e38f68a0f0f86040d985dc1f214e6fa7a9c70e3f378000490d084337fe31d02190ygxsuMDjaYnHoDd3ux9u9sDLdCMY/vITDa2TKdpzB3spQDz/lrAbELqaMU501XvX', '2022-07-31 15:28:14', '2022-07-31 15:38:14', '62dbc9c9511a4'),
('fe9d8a32959e77d18ce0839bd25d2aabc4e45156c03b26b0477a36014f8cd81984f42893c6bfc5d80d8e5394b852032d0cc3be2ffecd6e3027cd5abd665ed199uD1p6RAyqLx1Lzj1LRomVnggR5fJNsgZo5y4//RDMo/rS1BvELbNwvGJGSXvfmHw', '2022-07-31 10:02:54', '2022-07-31 10:12:54', '62dbc9c9511a4'),
('fea07599dafa5a845ce43064cf380a0a4286fd10f713af984e48b4cb6d45063d4fcda0b61f30893f163937ed48caf9bd3d89218901c4ab35c50a522d378933140HNk3mdXdBmccpnBvapaPxlxFu2Q1XVQ3zXj0THkxYSfCv2mzloBDks/GbYUE2Nn', '2022-07-31 17:57:51', '2022-07-31 18:07:51', '62dbc9c9511a4'),
('fee4538382ef685b920517b5b0e5732b79cd6248c82069abcf21a3452d3b642096d3babdfbc0023f4fb188fdf87fdc8e1aed9c71a122e3e2bd58445d9d0f3b93uO4fVBRExxHGnvN6Duy6+Pf4PCvPm4BgQW8DQ0tbDwhm9hIYw+S2u0qbmUEe11Bn', '2022-07-31 15:59:17', '2022-07-31 16:09:17', '62dbc9c9511a4'),
('ff01648ba4df624e4f7476c2ab5cd8d58622adb8c47cf49fa3d775ac1ed489cc15d93b573f5ef1ef98fbeb21adef84610eb50f757ad6af0ded47c8d529541efbopOSyJ4IeK/H4MuIyVGklOs5zssqUH/eS3ZPJKW08hn1WJI92OZA8gMCl0Nqd5Xh', '2022-07-31 16:45:32', '2022-07-31 16:55:32', '62dbc9c9511a4'),
('ff4ae6c9cfd8b97458a1449a09968de2edfe9837290639cd234d230654e962ccb958956fb8cab43469890a6f2770546e1f3ca1959f3e66d05b363bf1e0f469e1W8oc6pvs+xK4tkQW9gJpb7FchW+nplCkvZ2AawEt7X83nbvWMrvOsAJXZxuCKAyT', '2022-07-31 11:21:58', '2022-07-31 11:31:58', '62dbc9c9511a4'),
('ff6b767fb80000bfdf8f23fe420eae8ecaf77bb9d79226dc83d696f74e9b701c647d7b735c7df6315eec3ecd2da88cb24f49d5924735b97e7939969dc65a0aecTKVTORNg3oYQLyVSM9inXvVZn3EKhAT4rAbPOzRxNnZg2y3tR9CmskUcKBe+0D28', '2022-07-31 11:20:58', '2022-07-31 11:30:58', '62dbc9c9511a4');

--
-- Dökümü yapılmış tablolar için indeksler
--

--
-- Tablo için indeksler `ci_sessions`
--
ALTER TABLE `ci_sessions`
  ADD PRIMARY KEY (`id`),
  ADD KEY `ci_sessions_timestamp` (`timestamp`);

--
-- Tablo için indeksler `emails_sent`
--
ALTER TABLE `emails_sent`
  ADD PRIMARY KEY (`id`);

--
-- Tablo için indeksler `email_settings`
--
ALTER TABLE `email_settings`
  ADD PRIMARY KEY (`id`);

--
-- Tablo için indeksler `groups`
--
ALTER TABLE `groups`
  ADD PRIMARY KEY (`id`);

--
-- Tablo için indeksler `users`
--
ALTER TABLE `users`
  ADD PRIMARY KEY (`id`);

--
-- Tablo için indeksler `user_session`
--
ALTER TABLE `user_session`
  ADD PRIMARY KEY (`token`);
COMMIT;

/*!40101 SET CHARACTER_SET_CLIENT=@OLD_CHARACTER_SET_CLIENT */;
/*!40101 SET CHARACTER_SET_RESULTS=@OLD_CHARACTER_SET_RESULTS */;
/*!40101 SET COLLATION_CONNECTION=@OLD_COLLATION_CONNECTION */;
